DATAFLOW,LAST UPDATE,freq,unit,sex,age,icd10,resid,geo,TIME_PERIOD,OBS_VALUE,OBS_FLAG
ESTAT:HLTH_CD_ARO(1.0),13/04/23 11:00:00,A,NR,F,Y_GE85,F01_F03,TOT_IN,AT,2011,135,
ESTAT:HLTH_CD_ARO(1.0),13/04/23 11:00:00,A,NR,F,Y_GE85,F01_F03,TOT_IN,AT,2012,270,
ESTAT:HLTH_CD_ARO(1.0),13/04/23 11:00:00,A,NR,F,Y_GE85,F01_F03,TOT_IN,AT,2013,492,
ESTAT:HLTH_CD_ARO(1.0),13/04/23 11:00:00,A,NR,F,Y_GE85,F01_F03,TOT_IN,AT,2014,495,
ESTAT:HLTH_CD_ARO(1.0),13/04/23 11:00:00,A,NR,F,Y_GE85,F01_F03,TOT_IN,AT,2015,573,
ESTAT:HLTH_CD_ARO(1.0),13/04/23 11:00:00,A,NR,F,Y_GE85,F01_F03,TOT_IN,AT,2016,798,
ESTAT:HLTH_CD_ARO(1.0),13/04/23 11:00:00,A,NR,F,Y_GE85,F01_F03,TOT_IN,AT,2017,1298,
ESTAT:HLTH_CD_ARO(1.0),13/04/23 11:00:00,A,NR,F,Y_GE85,F01_F03,TOT_IN,AT,2018,1420,
ESTAT:HLTH_CD_ARO(1.0),13/04/23 11:00:00,A,NR,F,Y_GE85,F01_F03,TOT_IN,AT,2019,1419,
ESTAT:HLTH_CD_ARO(1.0),13/04/23 11:00:00,A,NR,F,Y_GE85,F01_F03,TOT_IN,AT,2020,1284,
ESTAT:HLTH_CD_ARO(1.0),13/04/23 11:00:00,A,NR,F,Y_GE85,F01_F03,TOT_IN,AT,2021,1359,
ESTAT:HLTH_CD_ARO(1.0),13/04/23 11:00:00,A,NR,F,Y_GE85,F01_F03,TOT_IN,BE,2011,1440,
ESTAT:HLTH_CD_ARO(1.0),13/04/23 11:00:00,A,NR,F,Y_GE85,F01_F03,TOT_IN,BE,2012,1770,
ESTAT:HLTH_CD_ARO(1.0),13/04/23 11:00:00,A,NR,F,Y_GE85,F01_F03,TOT_IN,BE,2013,1917,
ESTAT:HLTH_CD_ARO(1.0),13/04/23 11:00:00,A,NR,F,Y_GE85,F01_F03,TOT_IN,BE,2014,1850,
ESTAT:HLTH_CD_ARO(1.0),13/04/23 11:00:00,A,NR,F,Y_GE85,F01_F03,TOT_IN,BE,2015,2235,
ESTAT:HLTH_CD_ARO(1.0),13/04/23 11:00:00,A,NR,F,Y_GE85,F01_F03,TOT_IN,BE,2016,2222,
ESTAT:HLTH_CD_ARO(1.0),13/04/23 11:00:00,A,NR,F,Y_GE85,F01_F03,TOT_IN,BE,2017,2282,
ESTAT:HLTH_CD_ARO(1.0),13/04/23 11:00:00,A,NR,F,Y_GE85,F01_F03,TOT_IN,BE,2018,2330,
ESTAT:HLTH_CD_ARO(1.0),13/04/23 11:00:00,A,NR,F,Y_GE85,F01_F03,TOT_IN,BE,2019,2513,
ESTAT:HLTH_CD_ARO(1.0),13/04/23 11:00:00,A,NR,F,Y_GE85,F01_F03,TOT_IN,BE,2020,2405,
ESTAT:HLTH_CD_ARO(1.0),13/04/23 11:00:00,A,NR,F,Y_GE85,F01_F03,TOT_IN,BG,2011,3,
ESTAT:HLTH_CD_ARO(1.0),13/04/23 11:00:00,A,NR,F,Y_GE85,F01_F03,TOT_IN,BG,2012,11,
ESTAT:HLTH_CD_ARO(1.0),13/04/23 11:00:00,A,NR,F,Y_GE85,F01_F03,TOT_IN,BG,2013,9,
ESTAT:HLTH_CD_ARO(1.0),13/04/23 11:00:00,A,NR,F,Y_GE85,F01_F03,TOT_IN,BG,2014,5,
ESTAT:HLTH_CD_ARO(1.0),13/04/23 11:00:00,A,NR,F,Y_GE85,F01_F03,TOT_IN,BG,2015,6,
ESTAT:HLTH_CD_ARO(1.0),13/04/23 11:00:00,A,NR,F,Y_GE85,F01_F03,TOT_IN,BG,2016,13,
ESTAT:HLTH_CD_ARO(1.0),13/04/23 11:00:00,A,NR,F,Y_GE85,F01_F03,TOT_IN,BG,2017,8,
ESTAT:HLTH_CD_ARO(1.0),13/04/23 11:00:00,A,NR,F,Y_GE85,F01_F03,TOT_IN,BG,2018,10,
ESTAT:HLTH_CD_ARO(1.0),13/04/23 11:00:00,A,NR,F,Y_GE85,F01_F03,TOT_IN,BG,2019,8,
ESTAT:HLTH_CD_ARO(1.0),13/04/23 11:00:00,A,NR,F,Y_GE85,F01_F03,TOT_IN,BG,2020,22,
ESTAT:HLTH_CD_ARO(1.0),13/04/23 11:00:00,A,NR,F,Y_GE85,F01_F03,TOT_IN,CH,2011,1959,
ESTAT:HLTH_CD_ARO(1.0),13/04/23 11:00:00,A,NR,F,Y_GE85,F01_F03,TOT_IN,CH,2012,2216,
ESTAT:HLTH_CD_ARO(1.0),13/04/23 11:00:00,A,NR,F,Y_GE85,F01_F03,TOT_IN,CH,2013,2359,
ESTAT:HLTH_CD_ARO(1.0),13/04/23 11:00:00,A,NR,F,Y_GE85,F01_F03,TOT_IN,CH,2014,2221,
ESTAT:HLTH_CD_ARO(1.0),13/04/23 11:00:00,A,NR,F,Y_GE85,F01_F03,TOT_IN,CH,2015,2522,
ESTAT:HLTH_CD_ARO(1.0),13/04/23 11:00:00,A,NR,F,Y_GE85,F01_F03,TOT_IN,CH,2016,2363,
ESTAT:HLTH_CD_ARO(1.0),13/04/23 11:00:00,A,NR,F,Y_GE85,F01_F03,TOT_IN,CH,2017,2702,
ESTAT:HLTH_CD_ARO(1.0),13/04/23 11:00:00,A,NR,F,Y_GE85,F01_F03,TOT_IN,CH,2018,2624,
ESTAT:HLTH_CD_ARO(1.0),13/04/23 11:00:00,A,NR,F,Y_GE85,F01_F03,TOT_IN,CH,2019,2757,
ESTAT:HLTH_CD_ARO(1.0),13/04/23 11:00:00,A,NR,F,Y_GE85,F01_F03,TOT_IN,CH,2020,2721,
ESTAT:HLTH_CD_ARO(1.0),13/04/23 11:00:00,A,NR,F,Y_GE85,F01_F03,TOT_IN,CY,2011,29,
ESTAT:HLTH_CD_ARO(1.0),13/04/23 11:00:00,A,NR,F,Y_GE85,F01_F03,TOT_IN,CY,2012,30,
ESTAT:HLTH_CD_ARO(1.0),13/04/23 11:00:00,A,NR,F,Y_GE85,F01_F03,TOT_IN,CY,2013,28,
ESTAT:HLTH_CD_ARO(1.0),13/04/23 11:00:00,A,NR,F,Y_GE85,F01_F03,TOT_IN,CY,2014,41,
ESTAT:HLTH_CD_ARO(1.0),13/04/23 11:00:00,A,NR,F,Y_GE85,F01_F03,TOT_IN,CY,2015,59,
ESTAT:HLTH_CD_ARO(1.0),13/04/23 11:00:00,A,NR,F,Y_GE85,F01_F03,TOT_IN,CY,2016,67,
ESTAT:HLTH_CD_ARO(1.0),13/04/23 11:00:00,A,NR,F,Y_GE85,F01_F03,TOT_IN,CY,2017,83,
ESTAT:HLTH_CD_ARO(1.0),13/04/23 11:00:00,A,NR,F,Y_GE85,F01_F03,TOT_IN,CY,2018,101,
ESTAT:HLTH_CD_ARO(1.0),13/04/23 11:00:00,A,NR,F,Y_GE85,F01_F03,TOT_IN,CY,2019,111,
ESTAT:HLTH_CD_ARO(1.0),13/04/23 11:00:00,A,NR,F,Y_GE85,F01_F03,TOT_IN,CY,2020,106,
ESTAT:HLTH_CD_ARO(1.0),13/04/23 11:00:00,A,NR,F,Y_GE85,F01_F03,TOT_IN,CZ,2011,274,
ESTAT:HLTH_CD_ARO(1.0),13/04/23 11:00:00,A,NR,F,Y_GE85,F01_F03,TOT_IN,CZ,2012,286,
ESTAT:HLTH_CD_ARO(1.0),13/04/23 11:00:00,A,NR,F,Y_GE85,F01_F03,TOT_IN,CZ,2013,412,
ESTAT:HLTH_CD_ARO(1.0),13/04/23 11:00:00,A,NR,F,Y_GE85,F01_F03,TOT_IN,CZ,2014,396,
ESTAT:HLTH_CD_ARO(1.0),13/04/23 11:00:00,A,NR,F,Y_GE85,F01_F03,TOT_IN,CZ,2015,532,
ESTAT:HLTH_CD_ARO(1.0),13/04/23 11:00:00,A,NR,F,Y_GE85,F01_F03,TOT_IN,CZ,2016,473,
ESTAT:HLTH_CD_ARO(1.0),13/04/23 11:00:00,A,NR,F,Y_GE85,F01_F03,TOT_IN,CZ,2017,654,
ESTAT:HLTH_CD_ARO(1.0),13/04/23 11:00:00,A,NR,F,Y_GE85,F01_F03,TOT_IN,CZ,2018,596,
ESTAT:HLTH_CD_ARO(1.0),13/04/23 11:00:00,A,NR,F,Y_GE85,F01_F03,TOT_IN,CZ,2019,655,
ESTAT:HLTH_CD_ARO(1.0),13/04/23 11:00:00,A,NR,F,Y_GE85,F01_F03,TOT_IN,CZ,2020,713,
ESTAT:HLTH_CD_ARO(1.0),13/04/23 11:00:00,A,NR,F,Y_GE85,F01_F03,TOT_IN,CZ,2021,745,
ESTAT:HLTH_CD_ARO(1.0),13/04/23 11:00:00,A,NR,F,Y_GE85,F01_F03,TOT_IN,DE,2011,10165,
ESTAT:HLTH_CD_ARO(1.0),13/04/23 11:00:00,A,NR,F,Y_GE85,F01_F03,TOT_IN,DE,2012,12137,
ESTAT:HLTH_CD_ARO(1.0),13/04/23 11:00:00,A,NR,F,Y_GE85,F01_F03,TOT_IN,DE,2013,14419,
ESTAT:HLTH_CD_ARO(1.0),13/04/23 11:00:00,A,NR,F,Y_GE85,F01_F03,TOT_IN,DE,2014,14667,
ESTAT:HLTH_CD_ARO(1.0),13/04/23 11:00:00,A,NR,F,Y_GE85,F01_F03,TOT_IN,DE,2015,18601,
ESTAT:HLTH_CD_ARO(1.0),13/04/23 11:00:00,A,NR,F,Y_GE85,F01_F03,TOT_IN,DE,2016,19104,
ESTAT:HLTH_CD_ARO(1.0),13/04/23 11:00:00,A,NR,F,Y_GE85,F01_F03,TOT_IN,DE,2017,22098,
ESTAT:HLTH_CD_ARO(1.0),13/04/23 11:00:00,A,NR,F,Y_GE85,F01_F03,TOT_IN,DE,2018,24455,
ESTAT:HLTH_CD_ARO(1.0),13/04/23 11:00:00,A,NR,F,Y_GE85,F01_F03,TOT_IN,DE,2019,24254,
ESTAT:HLTH_CD_ARO(1.0),13/04/23 11:00:00,A,NR,F,Y_GE85,F01_F03,TOT_IN,DE,2020,24451,
ESTAT:HLTH_CD_ARO(1.0),13/04/23 11:00:00,A,NR,F,Y_GE85,F01_F03,TOT_IN,DK,2011,1047,
ESTAT:HLTH_CD_ARO(1.0),13/04/23 11:00:00,A,NR,F,Y_GE85,F01_F03,TOT_IN,DK,2012,1088,
ESTAT:HLTH_CD_ARO(1.0),13/04/23 11:00:00,A,NR,F,Y_GE85,F01_F03,TOT_IN,DK,2013,1190,
ESTAT:HLTH_CD_ARO(1.0),13/04/23 11:00:00,A,NR,F,Y_GE85,F01_F03,TOT_IN,DK,2014,1177,
ESTAT:HLTH_CD_ARO(1.0),13/04/23 11:00:00,A,NR,F,Y_GE85,F01_F03,TOT_IN,DK,2015,1225,
ESTAT:HLTH_CD_ARO(1.0),13/04/23 11:00:00,A,NR,F,Y_GE85,F01_F03,TOT_IN,DK,2016,1283,
ESTAT:HLTH_CD_ARO(1.0),13/04/23 11:00:00,A,NR,F,Y_GE85,F01_F03,TOT_IN,DK,2017,1430,
ESTAT:HLTH_CD_ARO(1.0),13/04/23 11:00:00,A,NR,F,Y_GE85,F01_F03,TOT_IN,DK,2018,1502,
ESTAT:HLTH_CD_ARO(1.0),13/04/23 11:00:00,A,NR,F,Y_GE85,F01_F03,TOT_IN,DK,2019,1361,
ESTAT:HLTH_CD_ARO(1.0),13/04/23 11:00:00,A,NR,F,Y_GE85,F01_F03,TOT_IN,DK,2020,1292,
ESTAT:HLTH_CD_ARO(1.0),13/04/23 11:00:00,A,NR,F,Y_GE85,F01_F03,TOT_IN,EE,2011,13,
ESTAT:HLTH_CD_ARO(1.0),13/04/23 11:00:00,A,NR,F,Y_GE85,F01_F03,TOT_IN,EE,2012,11,
ESTAT:HLTH_CD_ARO(1.0),13/04/23 11:00:00,A,NR,F,Y_GE85,F01_F03,TOT_IN,EE,2013,15,
ESTAT:HLTH_CD_ARO(1.0),13/04/23 11:00:00,A,NR,F,Y_GE85,F01_F03,TOT_IN,EE,2014,13,
ESTAT:HLTH_CD_ARO(1.0),13/04/23 11:00:00,A,NR,F,Y_GE85,F01_F03,TOT_IN,EE,2015,9,
ESTAT:HLTH_CD_ARO(1.0),13/04/23 11:00:00,A,NR,F,Y_GE85,F01_F03,TOT_IN,EE,2016,23,
ESTAT:HLTH_CD_ARO(1.0),13/04/23 11:00:00,A,NR,F,Y_GE85,F01_F03,TOT_IN,EE,2017,35,
ESTAT:HLTH_CD_ARO(1.0),13/04/23 11:00:00,A,NR,F,Y_GE85,F01_F03,TOT_IN,EE,2018,27,
ESTAT:HLTH_CD_ARO(1.0),13/04/23 11:00:00,A,NR,F,Y_GE85,F01_F03,TOT_IN,EE,2019,55,
ESTAT:HLTH_CD_ARO(1.0),13/04/23 11:00:00,A,NR,F,Y_GE85,F01_F03,TOT_IN,EE,2020,52,
ESTAT:HLTH_CD_ARO(1.0),13/04/23 11:00:00,A,NR,F,Y_GE85,F01_F03,TOT_IN,EL,2011,18,
ESTAT:HLTH_CD_ARO(1.0),13/04/23 11:00:00,A,NR,F,Y_GE85,F01_F03,TOT_IN,EL,2012,15,
ESTAT:HLTH_CD_ARO(1.0),13/04/23 11:00:00,A,NR,F,Y_GE85,F01_F03,TOT_IN,EL,2013,39,
ESTAT:HLTH_CD_ARO(1.0),13/04/23 11:00:00,A,NR,F,Y_GE85,F01_F03,TOT_IN,EL,2014,136,
ESTAT:HLTH_CD_ARO(1.0),13/04/23 11:00:00,A,NR,F,Y_GE85,F01_F03,TOT_IN,EL,2015,224,
ESTAT:HLTH_CD_ARO(1.0),13/04/23 11:00:00,A,NR,F,Y_GE85,F01_F03,TOT_IN,EL,2016,265,
ESTAT:HLTH_CD_ARO(1.0),13/04/23 11:00:00,A,NR,F,Y_GE85,F01_F03,TOT_IN,EL,2017,431,
ESTAT:HLTH_CD_ARO(1.0),13/04/23 11:00:00,A,NR,F,Y_GE85,F01_F03,TOT_IN,EL,2018,341,
ESTAT:HLTH_CD_ARO(1.0),13/04/23 11:00:00,A,NR,F,Y_GE85,F01_F03,TOT_IN,EL,2019,465,
ESTAT:HLTH_CD_ARO(1.0),13/04/23 11:00:00,A,NR,F,Y_GE85,F01_F03,TOT_IN,EL,2020,616,
ESTAT:HLTH_CD_ARO(1.0),13/04/23 11:00:00,A,NR,F,Y_GE85,F01_F03,TOT_IN,ES,2011,7483,
ESTAT:HLTH_CD_ARO(1.0),13/04/23 11:00:00,A,NR,F,Y_GE85,F01_F03,TOT_IN,ES,2012,8494,
ESTAT:HLTH_CD_ARO(1.0),13/04/23 11:00:00,A,NR,F,Y_GE85,F01_F03,TOT_IN,ES,2013,8556,
ESTAT:HLTH_CD_ARO(1.0),13/04/23 11:00:00,A,NR,F,Y_GE85,F01_F03,TOT_IN,ES,2014,9387,
ESTAT:HLTH_CD_ARO(1.0),13/04/23 11:00:00,A,NR,F,Y_GE85,F01_F03,TOT_IN,ES,2015,10949,
ESTAT:HLTH_CD_ARO(1.0),13/04/23 11:00:00,A,NR,F,Y_GE85,F01_F03,TOT_IN,ES,2016,10760,
ESTAT:HLTH_CD_ARO(1.0),13/04/23 11:00:00,A,NR,F,Y_GE85,F01_F03,TOT_IN,ES,2017,11325,
ESTAT:HLTH_CD_ARO(1.0),13/04/23 11:00:00,A,NR,F,Y_GE85,F01_F03,TOT_IN,ES,2018,11750,
ESTAT:HLTH_CD_ARO(1.0),13/04/23 11:00:00,A,NR,F,Y_GE85,F01_F03,TOT_IN,ES,2019,12085,
ESTAT:HLTH_CD_ARO(1.0),13/04/23 11:00:00,A,NR,F,Y_GE85,F01_F03,TOT_IN,ES,2020,11477,
ESTAT:HLTH_CD_ARO(1.0),13/04/23 11:00:00,A,NR,F,Y_GE85,F01_F03,TOT_IN,ES,2021,10657,
ESTAT:HLTH_CD_ARO(1.0),13/04/23 11:00:00,A,NR,F,Y_GE85,F01_F03,TOT_IN,EU27_2020,2011,44194,
ESTAT:HLTH_CD_ARO(1.0),13/04/23 11:00:00,A,NR,F,Y_GE85,F01_F03,TOT_IN,EU27_2020,2012,51085,
ESTAT:HLTH_CD_ARO(1.0),13/04/23 11:00:00,A,NR,F,Y_GE85,F01_F03,TOT_IN,EU27_2020,2013,55981,
ESTAT:HLTH_CD_ARO(1.0),13/04/23 11:00:00,A,NR,F,Y_GE85,F01_F03,TOT_IN,EU27_2020,2014,57711,
ESTAT:HLTH_CD_ARO(1.0),13/04/23 11:00:00,A,NR,F,Y_GE85,F01_F03,TOT_IN,EU27_2020,2015,68601,
ESTAT:HLTH_CD_ARO(1.0),13/04/23 11:00:00,A,NR,F,Y_GE85,F01_F03,TOT_IN,EU27_2020,2016,70631,
ESTAT:HLTH_CD_ARO(1.0),13/04/23 11:00:00,A,NR,F,Y_GE85,F01_F03,TOT_IN,EU27_2020,2017,78043,
ESTAT:HLTH_CD_ARO(1.0),13/04/23 11:00:00,A,NR,F,Y_GE85,F01_F03,TOT_IN,EU27_2020,2018,82495,p
ESTAT:HLTH_CD_ARO(1.0),13/04/23 11:00:00,A,NR,F,Y_GE85,F01_F03,TOT_IN,EU27_2020,2019,83693,p
ESTAT:HLTH_CD_ARO(1.0),13/04/23 11:00:00,A,NR,F,Y_GE85,F01_F03,TOT_IN,EU27_2020,2020,82171,
ESTAT:HLTH_CD_ARO(1.0),13/04/23 11:00:00,A,NR,F,Y_GE85,F01_F03,TOT_IN,EU28,2011,61344,
ESTAT:HLTH_CD_ARO(1.0),13/04/23 11:00:00,A,NR,F,Y_GE85,F01_F03,TOT_IN,EU28,2012,71124,
ESTAT:HLTH_CD_ARO(1.0),13/04/23 11:00:00,A,NR,F,Y_GE85,F01_F03,TOT_IN,EU28,2013,77076,
ESTAT:HLTH_CD_ARO(1.0),13/04/23 11:00:00,A,NR,F,Y_GE85,F01_F03,TOT_IN,EU28,2014,80249,
ESTAT:HLTH_CD_ARO(1.0),13/04/23 11:00:00,A,NR,F,Y_GE85,F01_F03,TOT_IN,EU28,2015,95065,
ESTAT:HLTH_CD_ARO(1.0),13/04/23 11:00:00,A,NR,F,Y_GE85,F01_F03,TOT_IN,EU28,2016,97045,
ESTAT:HLTH_CD_ARO(1.0),13/04/23 11:00:00,A,NR,F,Y_GE85,F01_F03,TOT_IN,EU28,2017,105474,
ESTAT:HLTH_CD_ARO(1.0),13/04/23 11:00:00,A,NR,F,Y_GE85,F01_F03,TOT_IN,EU28,2018,109366,p
ESTAT:HLTH_CD_ARO(1.0),13/04/23 11:00:00,A,NR,F,Y_GE85,F01_F03,TOT_IN,FI,2011,1021,
ESTAT:HLTH_CD_ARO(1.0),13/04/23 11:00:00,A,NR,F,Y_GE85,F01_F03,TOT_IN,FI,2012,1129,
ESTAT:HLTH_CD_ARO(1.0),13/04/23 11:00:00,A,NR,F,Y_GE85,F01_F03,TOT_IN,FI,2013,1074,
ESTAT:HLTH_CD_ARO(1.0),13/04/23 11:00:00,A,NR,F,Y_GE85,F01_F03,TOT_IN,FI,2014,1094,
ESTAT:HLTH_CD_ARO(1.0),13/04/23 11:00:00,A,NR,F,Y_GE85,F01_F03,TOT_IN,FI,2015,1148,
ESTAT:HLTH_CD_ARO(1.0),13/04/23 11:00:00,A,NR,F,Y_GE85,F01_F03,TOT_IN,FI,2016,1127,
ESTAT:HLTH_CD_ARO(1.0),13/04/23 11:00:00,A,NR,F,Y_GE85,F01_F03,TOT_IN,FI,2017,1064,
ESTAT:HLTH_CD_ARO(1.0),13/04/23 11:00:00,A,NR,F,Y_GE85,F01_F03,TOT_IN,FI,2018,1176,
ESTAT:HLTH_CD_ARO(1.0),13/04/23 11:00:00,A,NR,F,Y_GE85,F01_F03,TOT_IN,FI,2019,1122,
ESTAT:HLTH_CD_ARO(1.0),13/04/23 11:00:00,A,NR,F,Y_GE85,F01_F03,TOT_IN,FI,2020,1214,
ESTAT:HLTH_CD_ARO(1.0),13/04/23 11:00:00,A,NR,F,Y_GE85,F01_F03,TOT_IN,FR,2011,7146,
ESTAT:HLTH_CD_ARO(1.0),13/04/23 11:00:00,A,NR,F,Y_GE85,F01_F03,TOT_IN,FR,2012,8371,
ESTAT:HLTH_CD_ARO(1.0),13/04/23 11:00:00,A,NR,F,Y_GE85,F01_F03,TOT_IN,FR,2013,8715,
ESTAT:HLTH_CD_ARO(1.0),13/04/23 11:00:00,A,NR,F,Y_GE85,F01_F03,TOT_IN,FR,2014,9071,
ESTAT:HLTH_CD_ARO(1.0),13/04/23 11:00:00,A,NR,F,Y_GE85,F01_F03,TOT_IN,FR,2015,10319,
ESTAT:HLTH_CD_ARO(1.0),13/04/23 11:00:00,A,NR,F,Y_GE85,F01_F03,TOT_IN,FR,2016,10885,
ESTAT:HLTH_CD_ARO(1.0),13/04/23 11:00:00,A,NR,F,Y_GE85,F01_F03,TOT_IN,FR,2017,10971,
ESTAT:HLTH_CD_ARO(1.0),13/04/23 11:00:00,A,NR,F,Y_GE85,F01_F03,TOT_IN,FR,2018,11716,p
ESTAT:HLTH_CD_ARO(1.0),13/04/23 11:00:00,A,NR,F,Y_GE85,F01_F03,TOT_IN,FR,2019,11687,p
ESTAT:HLTH_CD_ARO(1.0),13/04/23 11:00:00,A,NR,F,Y_GE85,F01_F03,TOT_IN,FR,2020,10572,
ESTAT:HLTH_CD_ARO(1.0),13/04/23 11:00:00,A,NR,F,Y_GE85,F01_F03,TOT_IN,FX,2011,7093,
ESTAT:HLTH_CD_ARO(1.0),13/04/23 11:00:00,A,NR,F,Y_GE85,F01_F03,TOT_IN,FX,2012,8317,
ESTAT:HLTH_CD_ARO(1.0),13/04/23 11:00:00,A,NR,F,Y_GE85,F01_F03,TOT_IN,FX,2013,8656,
ESTAT:HLTH_CD_ARO(1.0),13/04/23 11:00:00,A,NR,F,Y_GE85,F01_F03,TOT_IN,FX,2014,8984,
ESTAT:HLTH_CD_ARO(1.0),13/04/23 11:00:00,A,NR,F,Y_GE85,F01_F03,TOT_IN,FX,2015,10262,
ESTAT:HLTH_CD_ARO(1.0),13/04/23 11:00:00,A,NR,F,Y_GE85,F01_F03,TOT_IN,FX,2016,10794,
ESTAT:HLTH_CD_ARO(1.0),13/04/23 11:00:00,A,NR,F,Y_GE85,F01_F03,TOT_IN,FX,2017,10876,
ESTAT:HLTH_CD_ARO(1.0),13/04/23 11:00:00,A,NR,F,Y_GE85,F01_F03,TOT_IN,FX,2018,11618,p
ESTAT:HLTH_CD_ARO(1.0),13/04/23 11:00:00,A,NR,F,Y_GE85,F01_F03,TOT_IN,FX,2019,11556,p
ESTAT:HLTH_CD_ARO(1.0),13/04/23 11:00:00,A,NR,F,Y_GE85,F01_F03,TOT_IN,FX,2020,10465,
ESTAT:HLTH_CD_ARO(1.0),13/04/23 11:00:00,A,NR,F,Y_GE85,F01_F03,TOT_IN,HR,2011,131,
ESTAT:HLTH_CD_ARO(1.0),13/04/23 11:00:00,A,NR,F,Y_GE85,F01_F03,TOT_IN,HR,2012,163,
ESTAT:HLTH_CD_ARO(1.0),13/04/23 11:00:00,A,NR,F,Y_GE85,F01_F03,TOT_IN,HR,2013,164,
ESTAT:HLTH_CD_ARO(1.0),13/04/23 11:00:00,A,NR,F,Y_GE85,F01_F03,TOT_IN,HR,2014,184,
ESTAT:HLTH_CD_ARO(1.0),13/04/23 11:00:00,A,NR,F,Y_GE85,F01_F03,TOT_IN,HR,2015,256,
ESTAT:HLTH_CD_ARO(1.0),13/04/23 11:00:00,A,NR,F,Y_GE85,F01_F03,TOT_IN,HR,2016,210,
ESTAT:HLTH_CD_ARO(1.0),13/04/23 11:00:00,A,NR,F,Y_GE85,F01_F03,TOT_IN,HR,2017,293,
ESTAT:HLTH_CD_ARO(1.0),13/04/23 11:00:00,A,NR,F,Y_GE85,F01_F03,TOT_IN,HR,2018,309,
ESTAT:HLTH_CD_ARO(1.0),13/04/23 11:00:00,A,NR,F,Y_GE85,F01_F03,TOT_IN,HR,2019,293,
ESTAT:HLTH_CD_ARO(1.0),13/04/23 11:00:00,A,NR,F,Y_GE85,F01_F03,TOT_IN,HR,2020,268,
ESTAT:HLTH_CD_ARO(1.0),13/04/23 11:00:00,A,NR,F,Y_GE85,F01_F03,TOT_IN,HU,2011,772,
ESTAT:HLTH_CD_ARO(1.0),13/04/23 11:00:00,A,NR,F,Y_GE85,F01_F03,TOT_IN,HU,2012,870,
ESTAT:HLTH_CD_ARO(1.0),13/04/23 11:00:00,A,NR,F,Y_GE85,F01_F03,TOT_IN,HU,2013,946,
ESTAT:HLTH_CD_ARO(1.0),13/04/23 11:00:00,A,NR,F,Y_GE85,F01_F03,TOT_IN,HU,2014,954,
ESTAT:HLTH_CD_ARO(1.0),13/04/23 11:00:00,A,NR,F,Y_GE85,F01_F03,TOT_IN,HU,2015,1109,
ESTAT:HLTH_CD_ARO(1.0),13/04/23 11:00:00,A,NR,F,Y_GE85,F01_F03,TOT_IN,HU,2016,1065,
ESTAT:HLTH_CD_ARO(1.0),13/04/23 11:00:00,A,NR,F,Y_GE85,F01_F03,TOT_IN,HU,2017,1249,
ESTAT:HLTH_CD_ARO(1.0),13/04/23 11:00:00,A,NR,F,Y_GE85,F01_F03,TOT_IN,HU,2018,1324,
ESTAT:HLTH_CD_ARO(1.0),13/04/23 11:00:00,A,NR,F,Y_GE85,F01_F03,TOT_IN,HU,2019,1570,
ESTAT:HLTH_CD_ARO(1.0),13/04/23 11:00:00,A,NR,F,Y_GE85,F01_F03,TOT_IN,HU,2020,1436,
ESTAT:HLTH_CD_ARO(1.0),13/04/23 11:00:00,A,NR,F,Y_GE85,F01_F03,TOT_IN,IE,2011,344,
ESTAT:HLTH_CD_ARO(1.0),13/04/23 11:00:00,A,NR,F,Y_GE85,F01_F03,TOT_IN,IE,2012,437,
ESTAT:HLTH_CD_ARO(1.0),13/04/23 11:00:00,A,NR,F,Y_GE85,F01_F03,TOT_IN,IE,2013,562,
ESTAT:HLTH_CD_ARO(1.0),13/04/23 11:00:00,A,NR,F,Y_GE85,F01_F03,TOT_IN,IE,2014,591,
ESTAT:HLTH_CD_ARO(1.0),13/04/23 11:00:00,A,NR,F,Y_GE85,F01_F03,TOT_IN,IE,2015,665,
ESTAT:HLTH_CD_ARO(1.0),13/04/23 11:00:00,A,NR,F,Y_GE85,F01_F03,TOT_IN,IE,2016,764,
ESTAT:HLTH_CD_ARO(1.0),13/04/23 11:00:00,A,NR,F,Y_GE85,F01_F03,TOT_IN,IE,2017,826,
ESTAT:HLTH_CD_ARO(1.0),13/04/23 11:00:00,A,NR,F,Y_GE85,F01_F03,TOT_IN,IE,2018,800,
ESTAT:HLTH_CD_ARO(1.0),13/04/23 11:00:00,A,NR,F,Y_GE85,F01_F03,TOT_IN,IE,2019,824,
ESTAT:HLTH_CD_ARO(1.0),13/04/23 11:00:00,A,NR,F,Y_GE85,F01_F03,TOT_IN,IE,2020,718,
ESTAT:HLTH_CD_ARO(1.0),13/04/23 11:00:00,A,NR,F,Y_GE85,F01_F03,TOT_IN,IS,2011,24,
ESTAT:HLTH_CD_ARO(1.0),13/04/23 11:00:00,A,NR,F,Y_GE85,F01_F03,TOT_IN,IS,2012,17,
ESTAT:HLTH_CD_ARO(1.0),13/04/23 11:00:00,A,NR,F,Y_GE85,F01_F03,TOT_IN,IS,2013,24,
ESTAT:HLTH_CD_ARO(1.0),13/04/23 11:00:00,A,NR,F,Y_GE85,F01_F03,TOT_IN,IS,2014,30,
ESTAT:HLTH_CD_ARO(1.0),13/04/23 11:00:00,A,NR,F,Y_GE85,F01_F03,TOT_IN,IS,2015,29,
ESTAT:HLTH_CD_ARO(1.0),13/04/23 11:00:00,A,NR,F,Y_GE85,F01_F03,TOT_IN,IS,2016,27,
ESTAT:HLTH_CD_ARO(1.0),13/04/23 11:00:00,A,NR,F,Y_GE85,F01_F03,TOT_IN,IS,2017,31,
ESTAT:HLTH_CD_ARO(1.0),13/04/23 11:00:00,A,NR,F,Y_GE85,F01_F03,TOT_IN,IS,2018,37,
ESTAT:HLTH_CD_ARO(1.0),13/04/23 11:00:00,A,NR,F,Y_GE85,F01_F03,TOT_IN,IS,2019,39,
ESTAT:HLTH_CD_ARO(1.0),13/04/23 11:00:00,A,NR,F,Y_GE85,F01_F03,TOT_IN,IS,2020,45,
ESTAT:HLTH_CD_ARO(1.0),13/04/23 11:00:00,A,NR,F,Y_GE85,F01_F03,TOT_IN,IT,2011,7584,
ESTAT:HLTH_CD_ARO(1.0),13/04/23 11:00:00,A,NR,F,Y_GE85,F01_F03,TOT_IN,IT,2012,8421,
ESTAT:HLTH_CD_ARO(1.0),13/04/23 11:00:00,A,NR,F,Y_GE85,F01_F03,TOT_IN,IT,2013,8336,
ESTAT:HLTH_CD_ARO(1.0),13/04/23 11:00:00,A,NR,F,Y_GE85,F01_F03,TOT_IN,IT,2014,8417,
ESTAT:HLTH_CD_ARO(1.0),13/04/23 11:00:00,A,NR,F,Y_GE85,F01_F03,TOT_IN,IT,2015,10542,
ESTAT:HLTH_CD_ARO(1.0),13/04/23 11:00:00,A,NR,F,Y_GE85,F01_F03,TOT_IN,IT,2016,10695,
ESTAT:HLTH_CD_ARO(1.0),13/04/23 11:00:00,A,NR,F,Y_GE85,F01_F03,TOT_IN,IT,2017,12323,
ESTAT:HLTH_CD_ARO(1.0),13/04/23 11:00:00,A,NR,F,Y_GE85,F01_F03,TOT_IN,IT,2018,12341,
ESTAT:HLTH_CD_ARO(1.0),13/04/23 11:00:00,A,NR,F,Y_GE85,F01_F03,TOT_IN,IT,2019,13041,
ESTAT:HLTH_CD_ARO(1.0),13/04/23 11:00:00,A,NR,F,Y_GE85,F01_F03,TOT_IN,IT,2020,13478,
ESTAT:HLTH_CD_ARO(1.0),13/04/23 11:00:00,A,NR,F,Y_GE85,F01_F03,TOT_IN,LI,2016,0,
ESTAT:HLTH_CD_ARO(1.0),13/04/23 11:00:00,A,NR,F,Y_GE85,F01_F03,TOT_IN,LI,2017,1,
ESTAT:HLTH_CD_ARO(1.0),13/04/23 11:00:00,A,NR,F,Y_GE85,F01_F03,TOT_IN,LI,2018,3,
ESTAT:HLTH_CD_ARO(1.0),13/04/23 11:00:00,A,NR,F,Y_GE85,F01_F03,TOT_IN,LI,2019,0,
ESTAT:HLTH_CD_ARO(1.0),13/04/23 11:00:00,A,NR,F,Y_GE85,F01_F03,TOT_IN,LI,2020,5,
ESTAT:HLTH_CD_ARO(1.0),13/04/23 11:00:00,A,NR,F,Y_GE85,F01_F03,TOT_IN,LI,2021,7,
ESTAT:HLTH_CD_ARO(1.0),13/04/23 11:00:00,A,NR,F,Y_GE85,F01_F03,TOT_IN,LT,2011,12,
ESTAT:HLTH_CD_ARO(1.0),13/04/23 11:00:00,A,NR,F,Y_GE85,F01_F03,TOT_IN,LT,2012,21,
ESTAT:HLTH_CD_ARO(1.0),13/04/23 11:00:00,A,NR,F,Y_GE85,F01_F03,TOT_IN,LT,2013,35,
ESTAT:HLTH_CD_ARO(1.0),13/04/23 11:00:00,A,NR,F,Y_GE85,F01_F03,TOT_IN,LT,2014,32,
ESTAT:HLTH_CD_ARO(1.0),13/04/23 11:00:00,A,NR,F,Y_GE85,F01_F03,TOT_IN,LT,2015,34,
ESTAT:HLTH_CD_ARO(1.0),13/04/23 11:00:00,A,NR,F,Y_GE85,F01_F03,TOT_IN,LT,2016,60,
ESTAT:HLTH_CD_ARO(1.0),13/04/23 11:00:00,A,NR,F,Y_GE85,F01_F03,TOT_IN,LT,2017,117,
ESTAT:HLTH_CD_ARO(1.0),13/04/23 11:00:00,A,NR,F,Y_GE85,F01_F03,TOT_IN,LT,2018,116,
ESTAT:HLTH_CD_ARO(1.0),13/04/23 11:00:00,A,NR,F,Y_GE85,F01_F03,TOT_IN,LT,2019,121,
ESTAT:HLTH_CD_ARO(1.0),13/04/23 11:00:00,A,NR,F,Y_GE85,F01_F03,TOT_IN,LT,2020,165,
ESTAT:HLTH_CD_ARO(1.0),13/04/23 11:00:00,A,NR,F,Y_GE85,F01_F03,TOT_IN,LT,2021,200,
ESTAT:HLTH_CD_ARO(1.0),13/04/23 11:00:00,A,NR,F,Y_GE85,F01_F03,TOT_IN,LU,2011,35,
ESTAT:HLTH_CD_ARO(1.0),13/04/23 11:00:00,A,NR,F,Y_GE85,F01_F03,TOT_IN,LU,2012,70,
ESTAT:HLTH_CD_ARO(1.0),13/04/23 11:00:00,A,NR,F,Y_GE85,F01_F03,TOT_IN,LU,2013,79,
ESTAT:HLTH_CD_ARO(1.0),13/04/23 11:00:00,A,NR,F,Y_GE85,F01_F03,TOT_IN,LU,2014,60,
ESTAT:HLTH_CD_ARO(1.0),13/04/23 11:00:00,A,NR,F,Y_GE85,F01_F03,TOT_IN,LU,2015,84,
ESTAT:HLTH_CD_ARO(1.0),13/04/23 11:00:00,A,NR,F,Y_GE85,F01_F03,TOT_IN,LU,2016,86,
ESTAT:HLTH_CD_ARO(1.0),13/04/23 11:00:00,A,NR,F,Y_GE85,F01_F03,TOT_IN,LU,2017,97,
ESTAT:HLTH_CD_ARO(1.0),13/04/23 11:00:00,A,NR,F,Y_GE85,F01_F03,TOT_IN,LU,2018,110,
ESTAT:HLTH_CD_ARO(1.0),13/04/23 11:00:00,A,NR,F,Y_GE85,F01_F03,TOT_IN,LU,2019,117,
ESTAT:HLTH_CD_ARO(1.0),13/04/23 11:00:00,A,NR,F,Y_GE85,F01_F03,TOT_IN,LU,2020,132,
ESTAT:HLTH_CD_ARO(1.0),13/04/23 11:00:00,A,NR,F,Y_GE85,F01_F03,TOT_IN,LU,2021,135,
ESTAT:HLTH_CD_ARO(1.0),13/04/23 11:00:00,A,NR,F,Y_GE85,F01_F03,TOT_IN,LV,2011,43,
ESTAT:HLTH_CD_ARO(1.0),13/04/23 11:00:00,A,NR,F,Y_GE85,F01_F03,TOT_IN,LV,2012,44,
ESTAT:HLTH_CD_ARO(1.0),13/04/23 11:00:00,A,NR,F,Y_GE85,F01_F03,TOT_IN,LV,2013,78,
ESTAT:HLTH_CD_ARO(1.0),13/04/23 11:00:00,A,NR,F,Y_GE85,F01_F03,TOT_IN,LV,2014,70,
ESTAT:HLTH_CD_ARO(1.0),13/04/23 11:00:00,A,NR,F,Y_GE85,F01_F03,TOT_IN,LV,2015,100,
ESTAT:HLTH_CD_ARO(1.0),13/04/23 11:00:00,A,NR,F,Y_GE85,F01_F03,TOT_IN,LV,2016,133,
ESTAT:HLTH_CD_ARO(1.0),13/04/23 11:00:00,A,NR,F,Y_GE85,F01_F03,TOT_IN,LV,2017,178,
ESTAT:HLTH_CD_ARO(1.0),13/04/23 11:00:00,A,NR,F,Y_GE85,F01_F03,TOT_IN,LV,2018,205,
ESTAT:HLTH_CD_ARO(1.0),13/04/23 11:00:00,A,NR,F,Y_GE85,F01_F03,TOT_IN,LV,2019,194,
ESTAT:HLTH_CD_ARO(1.0),13/04/23 11:00:00,A,NR,F,Y_GE85,F01_F03,TOT_IN,LV,2020,233,
ESTAT:HLTH_CD_ARO(1.0),13/04/23 11:00:00,A,NR,F,Y_GE85,F01_F03,TOT_IN,LV,2021,221,
ESTAT:HLTH_CD_ARO(1.0),13/04/23 11:00:00,A,NR,F,Y_GE85,F01_F03,TOT_IN,MT,2011,55,
ESTAT:HLTH_CD_ARO(1.0),13/04/23 11:00:00,A,NR,F,Y_GE85,F01_F03,TOT_IN,MT,2012,30,
ESTAT:HLTH_CD_ARO(1.0),13/04/23 11:00:00,A,NR,F,Y_GE85,F01_F03,TOT_IN,MT,2013,57,
ESTAT:HLTH_CD_ARO(1.0),13/04/23 11:00:00,A,NR,F,Y_GE85,F01_F03,TOT_IN,MT,2014,55,
ESTAT:HLTH_CD_ARO(1.0),13/04/23 11:00:00,A,NR,F,Y_GE85,F01_F03,TOT_IN,MT,2015,65,
ESTAT:HLTH_CD_ARO(1.0),13/04/23 11:00:00,A,NR,F,Y_GE85,F01_F03,TOT_IN,MT,2016,68,
ESTAT:HLTH_CD_ARO(1.0),13/04/23 11:00:00,A,NR,F,Y_GE85,F01_F03,TOT_IN,MT,2017,89,
ESTAT:HLTH_CD_ARO(1.0),13/04/23 11:00:00,A,NR,F,Y_GE85,F01_F03,TOT_IN,MT,2018,116,
ESTAT:HLTH_CD_ARO(1.0),13/04/23 11:00:00,A,NR,F,Y_GE85,F01_F03,TOT_IN,MT,2019,101,
ESTAT:HLTH_CD_ARO(1.0),13/04/23 11:00:00,A,NR,F,Y_GE85,F01_F03,TOT_IN,MT,2020,140,
ESTAT:HLTH_CD_ARO(1.0),13/04/23 11:00:00,A,NR,F,Y_GE85,F01_F03,TOT_IN,NL,2011,3690,
ESTAT:HLTH_CD_ARO(1.0),13/04/23 11:00:00,A,NR,F,Y_GE85,F01_F03,TOT_IN,NL,2012,4173,
ESTAT:HLTH_CD_ARO(1.0),13/04/23 11:00:00,A,NR,F,Y_GE85,F01_F03,TOT_IN,NL,2013,4792,
ESTAT:HLTH_CD_ARO(1.0),13/04/23 11:00:00,A,NR,F,Y_GE85,F01_F03,TOT_IN,NL,2014,4673,
ESTAT:HLTH_CD_ARO(1.0),13/04/23 11:00:00,A,NR,F,Y_GE85,F01_F03,TOT_IN,NL,2015,5222,
ESTAT:HLTH_CD_ARO(1.0),13/04/23 11:00:00,A,NR,F,Y_GE85,F01_F03,TOT_IN,NL,2016,5422,
ESTAT:HLTH_CD_ARO(1.0),13/04/23 11:00:00,A,NR,F,Y_GE85,F01_F03,TOT_IN,NL,2017,5719,
ESTAT:HLTH_CD_ARO(1.0),13/04/23 11:00:00,A,NR,F,Y_GE85,F01_F03,TOT_IN,NL,2018,5872,
ESTAT:HLTH_CD_ARO(1.0),13/04/23 11:00:00,A,NR,F,Y_GE85,F01_F03,TOT_IN,NL,2019,5663,
ESTAT:HLTH_CD_ARO(1.0),13/04/23 11:00:00,A,NR,F,Y_GE85,F01_F03,TOT_IN,NL,2020,4998,
ESTAT:HLTH_CD_ARO(1.0),13/04/23 11:00:00,A,NR,F,Y_GE85,F01_F03,TOT_IN,NL,2021,5088,
ESTAT:HLTH_CD_ARO(1.0),13/04/23 11:00:00,A,NR,F,Y_GE85,F01_F03,TOT_IN,NO,2011,947,
ESTAT:HLTH_CD_ARO(1.0),13/04/23 11:00:00,A,NR,F,Y_GE85,F01_F03,TOT_IN,NO,2012,1058,
ESTAT:HLTH_CD_ARO(1.0),13/04/23 11:00:00,A,NR,F,Y_GE85,F01_F03,TOT_IN,NO,2013,1084,
ESTAT:HLTH_CD_ARO(1.0),13/04/23 11:00:00,A,NR,F,Y_GE85,F01_F03,TOT_IN,NO,2014,1163,
ESTAT:HLTH_CD_ARO(1.0),13/04/23 11:00:00,A,NR,F,Y_GE85,F01_F03,TOT_IN,NO,2015,1307,
ESTAT:HLTH_CD_ARO(1.0),13/04/23 11:00:00,A,NR,F,Y_GE85,F01_F03,TOT_IN,NO,2016,1339,
ESTAT:HLTH_CD_ARO(1.0),13/04/23 11:00:00,A,NR,F,Y_GE85,F01_F03,TOT_IN,NO,2017,1491,
ESTAT:HLTH_CD_ARO(1.0),13/04/23 11:00:00,A,NR,F,Y_GE85,F01_F03,TOT_IN,NO,2018,1573,
ESTAT:HLTH_CD_ARO(1.0),13/04/23 11:00:00,A,NR,F,Y_GE85,F01_F03,TOT_IN,NO,2019,1532,
ESTAT:HLTH_CD_ARO(1.0),13/04/23 11:00:00,A,NR,F,Y_GE85,F01_F03,TOT_IN,NO,2020,1464,
ESTAT:HLTH_CD_ARO(1.0),13/04/23 11:00:00,A,NR,F,Y_GE85,F01_F03,TOT_IN,PL,2011,14,
ESTAT:HLTH_CD_ARO(1.0),13/04/23 11:00:00,A,NR,F,Y_GE85,F01_F03,TOT_IN,PL,2012,27,
ESTAT:HLTH_CD_ARO(1.0),13/04/23 11:00:00,A,NR,F,Y_GE85,F01_F03,TOT_IN,PL,2013,59,
ESTAT:HLTH_CD_ARO(1.0),13/04/23 11:00:00,A,NR,F,Y_GE85,F01_F03,TOT_IN,PL,2014,44,
ESTAT:HLTH_CD_ARO(1.0),13/04/23 11:00:00,A,NR,F,Y_GE85,F01_F03,TOT_IN,PL,2015,83,
ESTAT:HLTH_CD_ARO(1.0),13/04/23 11:00:00,A,NR,F,Y_GE85,F01_F03,TOT_IN,PL,2016,183,
ESTAT:HLTH_CD_ARO(1.0),13/04/23 11:00:00,A,NR,F,Y_GE85,F01_F03,TOT_IN,PL,2017,276,
ESTAT:HLTH_CD_ARO(1.0),13/04/23 11:00:00,A,NR,F,Y_GE85,F01_F03,TOT_IN,PL,2018,235,
ESTAT:HLTH_CD_ARO(1.0),13/04/23 11:00:00,A,NR,F,Y_GE85,F01_F03,TOT_IN,PL,2019,186,
ESTAT:HLTH_CD_ARO(1.0),13/04/23 11:00:00,A,NR,F,Y_GE85,F01_F03,TOT_IN,PL,2020,169,
ESTAT:HLTH_CD_ARO(1.0),13/04/23 11:00:00,A,NR,F,Y_GE85,F01_F03,TOT_IN,PL,2021,657,
ESTAT:HLTH_CD_ARO(1.0),13/04/23 11:00:00,A,NR,F,Y_GE85,F01_F03,TOT_IN,PT,2012,1,
ESTAT:HLTH_CD_ARO(1.0),13/04/23 11:00:00,A,NR,F,Y_GE85,F01_F03,TOT_IN,PT,2013,876,
ESTAT:HLTH_CD_ARO(1.0),13/04/23 11:00:00,A,NR,F,Y_GE85,F01_F03,TOT_IN,PT,2014,1071,
ESTAT:HLTH_CD_ARO(1.0),13/04/23 11:00:00,A,NR,F,Y_GE85,F01_F03,TOT_IN,PT,2015,1348,
ESTAT:HLTH_CD_ARO(1.0),13/04/23 11:00:00,A,NR,F,Y_GE85,F01_F03,TOT_IN,PT,2016,1519,
ESTAT:HLTH_CD_ARO(1.0),13/04/23 11:00:00,A,NR,F,Y_GE85,F01_F03,TOT_IN,PT,2017,1759,
ESTAT:HLTH_CD_ARO(1.0),13/04/23 11:00:00,A,NR,F,Y_GE85,F01_F03,TOT_IN,PT,2018,2127,
ESTAT:HLTH_CD_ARO(1.0),13/04/23 11:00:00,A,NR,F,Y_GE85,F01_F03,TOT_IN,PT,2019,2550,
ESTAT:HLTH_CD_ARO(1.0),13/04/23 11:00:00,A,NR,F,Y_GE85,F01_F03,TOT_IN,PT,2020,2890,
ESTAT:HLTH_CD_ARO(1.0),13/04/23 11:00:00,A,NR,F,Y_GE85,F01_F03,TOT_IN,RO,2017,0,
ESTAT:HLTH_CD_ARO(1.0),13/04/23 11:00:00,A,NR,F,Y_GE85,F01_F03,TOT_IN,RO,2018,0,
ESTAT:HLTH_CD_ARO(1.0),13/04/23 11:00:00,A,NR,F,Y_GE85,F01_F03,TOT_IN,RO,2019,0,
ESTAT:HLTH_CD_ARO(1.0),13/04/23 11:00:00,A,NR,F,Y_GE85,F01_F03,TOT_IN,RO,2020,2,
ESTAT:HLTH_CD_ARO(1.0),13/04/23 11:00:00,A,NR,F,Y_GE85,F01_F03,TOT_IN,RS,2011,156,
ESTAT:HLTH_CD_ARO(1.0),13/04/23 11:00:00,A,NR,F,Y_GE85,F01_F03,TOT_IN,RS,2012,158,
ESTAT:HLTH_CD_ARO(1.0),13/04/23 11:00:00,A,NR,F,Y_GE85,F01_F03,TOT_IN,RS,2013,214,
ESTAT:HLTH_CD_ARO(1.0),13/04/23 11:00:00,A,NR,F,Y_GE85,F01_F03,TOT_IN,RS,2014,229,
ESTAT:HLTH_CD_ARO(1.0),13/04/23 11:00:00,A,NR,F,Y_GE85,F01_F03,TOT_IN,RS,2015,283,
ESTAT:HLTH_CD_ARO(1.0),13/04/23 11:00:00,A,NR,F,Y_GE85,F01_F03,TOT_IN,RS,2016,309,
ESTAT:HLTH_CD_ARO(1.0),13/04/23 11:00:00,A,NR,F,Y_GE85,F01_F03,TOT_IN,RS,2017,321,
ESTAT:HLTH_CD_ARO(1.0),13/04/23 11:00:00,A,NR,F,Y_GE85,F01_F03,TOT_IN,RS,2018,288,
ESTAT:HLTH_CD_ARO(1.0),13/04/23 11:00:00,A,NR,F,Y_GE85,F01_F03,TOT_IN,RS,2019,297,
ESTAT:HLTH_CD_ARO(1.0),13/04/23 11:00:00,A,NR,F,Y_GE85,F01_F03,TOT_IN,RS,2020,312,
ESTAT:HLTH_CD_ARO(1.0),13/04/23 11:00:00,A,NR,F,Y_GE85,F01_F03,TOT_IN,RS,2021,298,
ESTAT:HLTH_CD_ARO(1.0),13/04/23 11:00:00,A,NR,F,Y_GE85,F01_F03,TOT_IN,SE,2011,2634,
ESTAT:HLTH_CD_ARO(1.0),13/04/23 11:00:00,A,NR,F,Y_GE85,F01_F03,TOT_IN,SE,2012,2916,
ESTAT:HLTH_CD_ARO(1.0),13/04/23 11:00:00,A,NR,F,Y_GE85,F01_F03,TOT_IN,SE,2013,2902,
ESTAT:HLTH_CD_ARO(1.0),13/04/23 11:00:00,A,NR,F,Y_GE85,F01_F03,TOT_IN,SE,2014,2912,
ESTAT:HLTH_CD_ARO(1.0),13/04/23 11:00:00,A,NR,F,Y_GE85,F01_F03,TOT_IN,SE,2015,2984,
ESTAT:HLTH_CD_ARO(1.0),13/04/23 11:00:00,A,NR,F,Y_GE85,F01_F03,TOT_IN,SE,2016,3095,
ESTAT:HLTH_CD_ARO(1.0),13/04/23 11:00:00,A,NR,F,Y_GE85,F01_F03,TOT_IN,SE,2017,3193,
ESTAT:HLTH_CD_ARO(1.0),13/04/23 11:00:00,A,NR,F,Y_GE85,F01_F03,TOT_IN,SE,2018,3263,
ESTAT:HLTH_CD_ARO(1.0),13/04/23 11:00:00,A,NR,F,Y_GE85,F01_F03,TOT_IN,SE,2019,3067,
ESTAT:HLTH_CD_ARO(1.0),13/04/23 11:00:00,A,NR,F,Y_GE85,F01_F03,TOT_IN,SE,2020,3085,
ESTAT:HLTH_CD_ARO(1.0),13/04/23 11:00:00,A,NR,F,Y_GE85,F01_F03,TOT_IN,SI,2017,0,
ESTAT:HLTH_CD_ARO(1.0),13/04/23 11:00:00,A,NR,F,Y_GE85,F01_F03,TOT_IN,SI,2018,0,
ESTAT:HLTH_CD_ARO(1.0),13/04/23 11:00:00,A,NR,F,Y_GE85,F01_F03,TOT_IN,SI,2019,0,
ESTAT:HLTH_CD_ARO(1.0),13/04/23 11:00:00,A,NR,F,Y_GE85,F01_F03,TOT_IN,SI,2020,0,
ESTAT:HLTH_CD_ARO(1.0),13/04/23 11:00:00,A,NR,F,Y_GE85,F01_F03,TOT_IN,SK,2011,106,
ESTAT:HLTH_CD_ARO(1.0),13/04/23 11:00:00,A,NR,F,Y_GE85,F01_F03,TOT_IN,SK,2012,300,
ESTAT:HLTH_CD_ARO(1.0),13/04/23 11:00:00,A,NR,F,Y_GE85,F01_F03,TOT_IN,SK,2013,229,
ESTAT:HLTH_CD_ARO(1.0),13/04/23 11:00:00,A,NR,F,Y_GE85,F01_F03,TOT_IN,SK,2014,316,
ESTAT:HLTH_CD_ARO(1.0),13/04/23 11:00:00,A,NR,F,Y_GE85,F01_F03,TOT_IN,SK,2015,229,
ESTAT:HLTH_CD_ARO(1.0),13/04/23 11:00:00,A,NR,F,Y_GE85,F01_F03,TOT_IN,SK,2016,311,
ESTAT:HLTH_CD_ARO(1.0),13/04/23 11:00:00,A,NR,F,Y_GE85,F01_F03,TOT_IN,SK,2017,245,
ESTAT:HLTH_CD_ARO(1.0),13/04/23 11:00:00,A,NR,F,Y_GE85,F01_F03,TOT_IN,SK,2018,253,
ESTAT:HLTH_CD_ARO(1.0),13/04/23 11:00:00,A,NR,F,Y_GE85,F01_F03,TOT_IN,SK,2019,231,
ESTAT:HLTH_CD_ARO(1.0),13/04/23 11:00:00,A,NR,F,Y_GE85,F01_F03,TOT_IN,SK,2020,253,
ESTAT:HLTH_CD_ARO(1.0),13/04/23 11:00:00,A,NR,F,Y_GE85,F01_F03,TOT_IN,TR,2011,40,
ESTAT:HLTH_CD_ARO(1.0),13/04/23 11:00:00,A,NR,F,Y_GE85,F01_F03,TOT_IN,TR,2012,68,
ESTAT:HLTH_CD_ARO(1.0),13/04/23 11:00:00,A,NR,F,Y_GE85,F01_F03,TOT_IN,TR,2013,74,
ESTAT:HLTH_CD_ARO(1.0),13/04/23 11:00:00,A,NR,F,Y_GE85,F01_F03,TOT_IN,TR,2014,96,
ESTAT:HLTH_CD_ARO(1.0),13/04/23 11:00:00,A,NR,F,Y_GE85,F01_F03,TOT_IN,TR,2015,82,
ESTAT:HLTH_CD_ARO(1.0),13/04/23 11:00:00,A,NR,F,Y_GE85,F01_F03,TOT_IN,TR,2016,75,
ESTAT:HLTH_CD_ARO(1.0),13/04/23 11:00:00,A,NR,F,Y_GE85,F01_F03,TOT_IN,TR,2017,90,
ESTAT:HLTH_CD_ARO(1.0),13/04/23 11:00:00,A,NR,F,Y_GE85,F01_F03,TOT_IN,TR,2018,83,
ESTAT:HLTH_CD_ARO(1.0),13/04/23 11:00:00,A,NR,F,Y_GE85,F01_F03,TOT_IN,TR,2019,74,
ESTAT:HLTH_CD_ARO(1.0),13/04/23 11:00:00,A,NR,F,Y_GE85,F01_F03,TOT_IN,UK,2011,17150,
ESTAT:HLTH_CD_ARO(1.0),13/04/23 11:00:00,A,NR,F,Y_GE85,F01_F03,TOT_IN,UK,2012,20039,
ESTAT:HLTH_CD_ARO(1.0),13/04/23 11:00:00,A,NR,F,Y_GE85,F01_F03,TOT_IN,UK,2013,21095,
ESTAT:HLTH_CD_ARO(1.0),13/04/23 11:00:00,A,NR,F,Y_GE85,F01_F03,TOT_IN,UK,2014,22538,
ESTAT:HLTH_CD_ARO(1.0),13/04/23 11:00:00,A,NR,F,Y_GE85,F01_F03,TOT_IN,UK,2015,26464,
ESTAT:HLTH_CD_ARO(1.0),13/04/23 11:00:00,A,NR,F,Y_GE85,F01_F03,TOT_IN,UK,2016,26414,
ESTAT:HLTH_CD_ARO(1.0),13/04/23 11:00:00,A,NR,F,Y_GE85,F01_F03,TOT_IN,UK,2017,27431,
ESTAT:HLTH_CD_ARO(1.0),13/04/23 11:00:00,A,NR,F,Y_GE85,F01_F03,TOT_IN,UK,2018,26871,
ESTAT:HLTH_CD_ARO(1.0),13/04/23 11:00:00,A,NR,M,Y_GE85,F01_F03,TOT_IN,AT,2011,41,
ESTAT:HLTH_CD_ARO(1.0),13/04/23 11:00:00,A,NR,M,Y_GE85,F01_F03,TOT_IN,AT,2012,83,
ESTAT:HLTH_CD_ARO(1.0),13/04/23 11:00:00,A,NR,M,Y_GE85,F01_F03,TOT_IN,AT,2013,144,
ESTAT:HLTH_CD_ARO(1.0),13/04/23 11:00:00,A,NR,M,Y_GE85,F01_F03,TOT_IN,AT,2014,150,
ESTAT:HLTH_CD_ARO(1.0),13/04/23 11:00:00,A,NR,M,Y_GE85,F01_F03,TOT_IN,AT,2015,191,
ESTAT:HLTH_CD_ARO(1.0),13/04/23 11:00:00,A,NR,M,Y_GE85,F01_F03,TOT_IN,AT,2016,269,
ESTAT:HLTH_CD_ARO(1.0),13/04/23 11:00:00,A,NR,M,Y_GE85,F01_F03,TOT_IN,AT,2017,391,
ESTAT:HLTH_CD_ARO(1.0),13/04/23 11:00:00,A,NR,M,Y_GE85,F01_F03,TOT_IN,AT,2018,494,
ESTAT:HLTH_CD_ARO(1.0),13/04/23 11:00:00,A,NR,M,Y_GE85,F01_F03,TOT_IN,AT,2019,520,
ESTAT:HLTH_CD_ARO(1.0),13/04/23 11:00:00,A,NR,M,Y_GE85,F01_F03,TOT_IN,AT,2020,474,
ESTAT:HLTH_CD_ARO(1.0),13/04/23 11:00:00,A,NR,M,Y_GE85,F01_F03,TOT_IN,AT,2021,519,
ESTAT:HLTH_CD_ARO(1.0),13/04/23 11:00:00,A,NR,M,Y_GE85,F01_F03,TOT_IN,BE,2011,528,
ESTAT:HLTH_CD_ARO(1.0),13/04/23 11:00:00,A,NR,M,Y_GE85,F01_F03,TOT_IN,BE,2012,636,
ESTAT:HLTH_CD_ARO(1.0),13/04/23 11:00:00,A,NR,M,Y_GE85,F01_F03,TOT_IN,BE,2013,750,
ESTAT:HLTH_CD_ARO(1.0),13/04/23 11:00:00,A,NR,M,Y_GE85,F01_F03,TOT_IN,BE,2014,697,
ESTAT:HLTH_CD_ARO(1.0),13/04/23 11:00:00,A,NR,M,Y_GE85,F01_F03,TOT_IN,BE,2015,821,
ESTAT:HLTH_CD_ARO(1.0),13/04/23 11:00:00,A,NR,M,Y_GE85,F01_F03,TOT_IN,BE,2016,837,
ESTAT:HLTH_CD_ARO(1.0),13/04/23 11:00:00,A,NR,M,Y_GE85,F01_F03,TOT_IN,BE,2017,901,
ESTAT:HLTH_CD_ARO(1.0),13/04/23 11:00:00,A,NR,M,Y_GE85,F01_F03,TOT_IN,BE,2018,933,
ESTAT:HLTH_CD_ARO(1.0),13/04/23 11:00:00,A,NR,M,Y_GE85,F01_F03,TOT_IN,BE,2019,964,
ESTAT:HLTH_CD_ARO(1.0),13/04/23 11:00:00,A,NR,M,Y_GE85,F01_F03,TOT_IN,BE,2020,857,
ESTAT:HLTH_CD_ARO(1.0),13/04/23 11:00:00,A,NR,M,Y_GE85,F01_F03,TOT_IN,BG,2011,2,
ESTAT:HLTH_CD_ARO(1.0),13/04/23 11:00:00,A,NR,M,Y_GE85,F01_F03,TOT_IN,BG,2012,1,
ESTAT:HLTH_CD_ARO(1.0),13/04/23 11:00:00,A,NR,M,Y_GE85,F01_F03,TOT_IN,BG,2013,6,
ESTAT:HLTH_CD_ARO(1.0),13/04/23 11:00:00,A,NR,M,Y_GE85,F01_F03,TOT_IN,BG,2014,2,
ESTAT:HLTH_CD_ARO(1.0),13/04/23 11:00:00,A,NR,M,Y_GE85,F01_F03,TOT_IN,BG,2015,2,
ESTAT:HLTH_CD_ARO(1.0),13/04/23 11:00:00,A,NR,M,Y_GE85,F01_F03,TOT_IN,BG,2016,4,
ESTAT:HLTH_CD_ARO(1.0),13/04/23 11:00:00,A,NR,M,Y_GE85,F01_F03,TOT_IN,BG,2017,5,
ESTAT:HLTH_CD_ARO(1.0),13/04/23 11:00:00,A,NR,M,Y_GE85,F01_F03,TOT_IN,BG,2018,4,
ESTAT:HLTH_CD_ARO(1.0),13/04/23 11:00:00,A,NR,M,Y_GE85,F01_F03,TOT_IN,BG,2019,4,
ESTAT:HLTH_CD_ARO(1.0),13/04/23 11:00:00,A,NR,M,Y_GE85,F01_F03,TOT_IN,BG,2020,9,
ESTAT:HLTH_CD_ARO(1.0),13/04/23 11:00:00,A,NR,M,Y_GE85,F01_F03,TOT_IN,CH,2011,741,
ESTAT:HLTH_CD_ARO(1.0),13/04/23 11:00:00,A,NR,M,Y_GE85,F01_F03,TOT_IN,CH,2012,793,
ESTAT:HLTH_CD_ARO(1.0),13/04/23 11:00:00,A,NR,M,Y_GE85,F01_F03,TOT_IN,CH,2013,836,
ESTAT:HLTH_CD_ARO(1.0),13/04/23 11:00:00,A,NR,M,Y_GE85,F01_F03,TOT_IN,CH,2014,882,
ESTAT:HLTH_CD_ARO(1.0),13/04/23 11:00:00,A,NR,M,Y_GE85,F01_F03,TOT_IN,CH,2015,927,
ESTAT:HLTH_CD_ARO(1.0),13/04/23 11:00:00,A,NR,M,Y_GE85,F01_F03,TOT_IN,CH,2016,889,
ESTAT:HLTH_CD_ARO(1.0),13/04/23 11:00:00,A,NR,M,Y_GE85,F01_F03,TOT_IN,CH,2017,1024,
ESTAT:HLTH_CD_ARO(1.0),13/04/23 11:00:00,A,NR,M,Y_GE85,F01_F03,TOT_IN,CH,2018,962,
ESTAT:HLTH_CD_ARO(1.0),13/04/23 11:00:00,A,NR,M,Y_GE85,F01_F03,TOT_IN,CH,2019,1017,
ESTAT:HLTH_CD_ARO(1.0),13/04/23 11:00:00,A,NR,M,Y_GE85,F01_F03,TOT_IN,CH,2020,1075,
ESTAT:HLTH_CD_ARO(1.0),13/04/23 11:00:00,A,NR,M,Y_GE85,F01_F03,TOT_IN,CY,2011,20,
ESTAT:HLTH_CD_ARO(1.0),13/04/23 11:00:00,A,NR,M,Y_GE85,F01_F03,TOT_IN,CY,2012,22,
ESTAT:HLTH_CD_ARO(1.0),13/04/23 11:00:00,A,NR,M,Y_GE85,F01_F03,TOT_IN,CY,2013,21,
ESTAT:HLTH_CD_ARO(1.0),13/04/23 11:00:00,A,NR,M,Y_GE85,F01_F03,TOT_IN,CY,2014,14,
ESTAT:HLTH_CD_ARO(1.0),13/04/23 11:00:00,A,NR,M,Y_GE85,F01_F03,TOT_IN,CY,2015,21,
ESTAT:HLTH_CD_ARO(1.0),13/04/23 11:00:00,A,NR,M,Y_GE85,F01_F03,TOT_IN,CY,2016,26,
ESTAT:HLTH_CD_ARO(1.0),13/04/23 11:00:00,A,NR,M,Y_GE85,F01_F03,TOT_IN,CY,2017,40,
ESTAT:HLTH_CD_ARO(1.0),13/04/23 11:00:00,A,NR,M,Y_GE85,F01_F03,TOT_IN,CY,2018,50,
ESTAT:HLTH_CD_ARO(1.0),13/04/23 11:00:00,A,NR,M,Y_GE85,F01_F03,TOT_IN,CY,2019,40,
ESTAT:HLTH_CD_ARO(1.0),13/04/23 11:00:00,A,NR,M,Y_GE85,F01_F03,TOT_IN,CY,2020,39,
ESTAT:HLTH_CD_ARO(1.0),13/04/23 11:00:00,A,NR,M,Y_GE85,F01_F03,TOT_IN,CZ,2011,84,
ESTAT:HLTH_CD_ARO(1.0),13/04/23 11:00:00,A,NR,M,Y_GE85,F01_F03,TOT_IN,CZ,2012,95,
ESTAT:HLTH_CD_ARO(1.0),13/04/23 11:00:00,A,NR,M,Y_GE85,F01_F03,TOT_IN,CZ,2013,140,
ESTAT:HLTH_CD_ARO(1.0),13/04/23 11:00:00,A,NR,M,Y_GE85,F01_F03,TOT_IN,CZ,2014,163,
ESTAT:HLTH_CD_ARO(1.0),13/04/23 11:00:00,A,NR,M,Y_GE85,F01_F03,TOT_IN,CZ,2015,200,
ESTAT:HLTH_CD_ARO(1.0),13/04/23 11:00:00,A,NR,M,Y_GE85,F01_F03,TOT_IN,CZ,2016,195,
ESTAT:HLTH_CD_ARO(1.0),13/04/23 11:00:00,A,NR,M,Y_GE85,F01_F03,TOT_IN,CZ,2017,249,
ESTAT:HLTH_CD_ARO(1.0),13/04/23 11:00:00,A,NR,M,Y_GE85,F01_F03,TOT_IN,CZ,2018,253,
ESTAT:HLTH_CD_ARO(1.0),13/04/23 11:00:00,A,NR,M,Y_GE85,F01_F03,TOT_IN,CZ,2019,257,
ESTAT:HLTH_CD_ARO(1.0),13/04/23 11:00:00,A,NR,M,Y_GE85,F01_F03,TOT_IN,CZ,2020,265,
ESTAT:HLTH_CD_ARO(1.0),13/04/23 11:00:00,A,NR,M,Y_GE85,F01_F03,TOT_IN,CZ,2021,246,
ESTAT:HLTH_CD_ARO(1.0),13/04/23 11:00:00,A,NR,M,Y_GE85,F01_F03,TOT_IN,DE,2011,2974,
ESTAT:HLTH_CD_ARO(1.0),13/04/23 11:00:00,A,NR,M,Y_GE85,F01_F03,TOT_IN,DE,2012,3466,
ESTAT:HLTH_CD_ARO(1.0),13/04/23 11:00:00,A,NR,M,Y_GE85,F01_F03,TOT_IN,DE,2013,4330,
ESTAT:HLTH_CD_ARO(1.0),13/04/23 11:00:00,A,NR,M,Y_GE85,F01_F03,TOT_IN,DE,2014,4476,
ESTAT:HLTH_CD_ARO(1.0),13/04/23 11:00:00,A,NR,M,Y_GE85,F01_F03,TOT_IN,DE,2015,6154,
ESTAT:HLTH_CD_ARO(1.0),13/04/23 11:00:00,A,NR,M,Y_GE85,F01_F03,TOT_IN,DE,2016,6490,
ESTAT:HLTH_CD_ARO(1.0),13/04/23 11:00:00,A,NR,M,Y_GE85,F01_F03,TOT_IN,DE,2017,7763,
ESTAT:HLTH_CD_ARO(1.0),13/04/23 11:00:00,A,NR,M,Y_GE85,F01_F03,TOT_IN,DE,2018,8559,
ESTAT:HLTH_CD_ARO(1.0),13/04/23 11:00:00,A,NR,M,Y_GE85,F01_F03,TOT_IN,DE,2019,9009,
ESTAT:HLTH_CD_ARO(1.0),13/04/23 11:00:00,A,NR,M,Y_GE85,F01_F03,TOT_IN,DE,2020,9308,
ESTAT:HLTH_CD_ARO(1.0),13/04/23 11:00:00,A,NR,M,Y_GE85,F01_F03,TOT_IN,DK,2011,391,
ESTAT:HLTH_CD_ARO(1.0),13/04/23 11:00:00,A,NR,M,Y_GE85,F01_F03,TOT_IN,DK,2012,379,
ESTAT:HLTH_CD_ARO(1.0),13/04/23 11:00:00,A,NR,M,Y_GE85,F01_F03,TOT_IN,DK,2013,396,
ESTAT:HLTH_CD_ARO(1.0),13/04/23 11:00:00,A,NR,M,Y_GE85,F01_F03,TOT_IN,DK,2014,426,
ESTAT:HLTH_CD_ARO(1.0),13/04/23 11:00:00,A,NR,M,Y_GE85,F01_F03,TOT_IN,DK,2015,488,
ESTAT:HLTH_CD_ARO(1.0),13/04/23 11:00:00,A,NR,M,Y_GE85,F01_F03,TOT_IN,DK,2016,526,
ESTAT:HLTH_CD_ARO(1.0),13/04/23 11:00:00,A,NR,M,Y_GE85,F01_F03,TOT_IN,DK,2017,536,
ESTAT:HLTH_CD_ARO(1.0),13/04/23 11:00:00,A,NR,M,Y_GE85,F01_F03,TOT_IN,DK,2018,615,
ESTAT:HLTH_CD_ARO(1.0),13/04/23 11:00:00,A,NR,M,Y_GE85,F01_F03,TOT_IN,DK,2019,571,
ESTAT:HLTH_CD_ARO(1.0),13/04/23 11:00:00,A,NR,M,Y_GE85,F01_F03,TOT_IN,DK,2020,530,
ESTAT:HLTH_CD_ARO(1.0),13/04/23 11:00:00,A,NR,M,Y_GE85,F01_F03,TOT_IN,EE,2011,2,
ESTAT:HLTH_CD_ARO(1.0),13/04/23 11:00:00,A,NR,M,Y_GE85,F01_F03,TOT_IN,EE,2012,3,
ESTAT:HLTH_CD_ARO(1.0),13/04/23 11:00:00,A,NR,M,Y_GE85,F01_F03,TOT_IN,EE,2013,2,
ESTAT:HLTH_CD_ARO(1.0),13/04/23 11:00:00,A,NR,M,Y_GE85,F01_F03,TOT_IN,EE,2014,5,
ESTAT:HLTH_CD_ARO(1.0),13/04/23 11:00:00,A,NR,M,Y_GE85,F01_F03,TOT_IN,EE,2015,2,
ESTAT:HLTH_CD_ARO(1.0),13/04/23 11:00:00,A,NR,M,Y_GE85,F01_F03,TOT_IN,EE,2016,4,
ESTAT:HLTH_CD_ARO(1.0),13/04/23 11:00:00,A,NR,M,Y_GE85,F01_F03,TOT_IN,EE,2017,6,
ESTAT:HLTH_CD_ARO(1.0),13/04/23 11:00:00,A,NR,M,Y_GE85,F01_F03,TOT_IN,EE,2018,10,
ESTAT:HLTH_CD_ARO(1.0),13/04/23 11:00:00,A,NR,M,Y_GE85,F01_F03,TOT_IN,EE,2019,13,
ESTAT:HLTH_CD_ARO(1.0),13/04/23 11:00:00,A,NR,M,Y_GE85,F01_F03,TOT_IN,EE,2020,13,
ESTAT:HLTH_CD_ARO(1.0),13/04/23 11:00:00,A,NR,M,Y_GE85,F01_F03,TOT_IN,EL,2011,6,
ESTAT:HLTH_CD_ARO(1.0),13/04/23 11:00:00,A,NR,M,Y_GE85,F01_F03,TOT_IN,EL,2012,6,
ESTAT:HLTH_CD_ARO(1.0),13/04/23 11:00:00,A,NR,M,Y_GE85,F01_F03,TOT_IN,EL,2013,11,
ESTAT:HLTH_CD_ARO(1.0),13/04/23 11:00:00,A,NR,M,Y_GE85,F01_F03,TOT_IN,EL,2014,62,
ESTAT:HLTH_CD_ARO(1.0),13/04/23 11:00:00,A,NR,M,Y_GE85,F01_F03,TOT_IN,EL,2015,92,
ESTAT:HLTH_CD_ARO(1.0),13/04/23 11:00:00,A,NR,M,Y_GE85,F01_F03,TOT_IN,EL,2016,95,
ESTAT:HLTH_CD_ARO(1.0),13/04/23 11:00:00,A,NR,M,Y_GE85,F01_F03,TOT_IN,EL,2017,175,
ESTAT:HLTH_CD_ARO(1.0),13/04/23 11:00:00,A,NR,M,Y_GE85,F01_F03,TOT_IN,EL,2018,165,
ESTAT:HLTH_CD_ARO(1.0),13/04/23 11:00:00,A,NR,M,Y_GE85,F01_F03,TOT_IN,EL,2019,193,
ESTAT:HLTH_CD_ARO(1.0),13/04/23 11:00:00,A,NR,M,Y_GE85,F01_F03,TOT_IN,EL,2020,277,
ESTAT:HLTH_CD_ARO(1.0),13/04/23 11:00:00,A,NR,M,Y_GE85,F01_F03,TOT_IN,ES,2011,2656,
ESTAT:HLTH_CD_ARO(1.0),13/04/23 11:00:00,A,NR,M,Y_GE85,F01_F03,TOT_IN,ES,2012,3069,
ESTAT:HLTH_CD_ARO(1.0),13/04/23 11:00:00,A,NR,M,Y_GE85,F01_F03,TOT_IN,ES,2013,3128,
ESTAT:HLTH_CD_ARO(1.0),13/04/23 11:00:00,A,NR,M,Y_GE85,F01_F03,TOT_IN,ES,2014,3512,
ESTAT:HLTH_CD_ARO(1.0),13/04/23 11:00:00,A,NR,M,Y_GE85,F01_F03,TOT_IN,ES,2015,4109,
ESTAT:HLTH_CD_ARO(1.0),13/04/23 11:00:00,A,NR,M,Y_GE85,F01_F03,TOT_IN,ES,2016,4266,
ESTAT:HLTH_CD_ARO(1.0),13/04/23 11:00:00,A,NR,M,Y_GE85,F01_F03,TOT_IN,ES,2017,4527,
ESTAT:HLTH_CD_ARO(1.0),13/04/23 11:00:00,A,NR,M,Y_GE85,F01_F03,TOT_IN,ES,2018,4710,
ESTAT:HLTH_CD_ARO(1.0),13/04/23 11:00:00,A,NR,M,Y_GE85,F01_F03,TOT_IN,ES,2019,4845,
ESTAT:HLTH_CD_ARO(1.0),13/04/23 11:00:00,A,NR,M,Y_GE85,F01_F03,TOT_IN,ES,2020,4372,
ESTAT:HLTH_CD_ARO(1.0),13/04/23 11:00:00,A,NR,M,Y_GE85,F01_F03,TOT_IN,ES,2021,4489,
ESTAT:HLTH_CD_ARO(1.0),13/04/23 11:00:00,A,NR,M,Y_GE85,F01_F03,TOT_IN,EU27_2020,2011,14793,
ESTAT:HLTH_CD_ARO(1.0),13/04/23 11:00:00,A,NR,M,Y_GE85,F01_F03,TOT_IN,EU27_2020,2012,17098,
ESTAT:HLTH_CD_ARO(1.0),13/04/23 11:00:00,A,NR,M,Y_GE85,F01_F03,TOT_IN,EU27_2020,2013,19397,
ESTAT:HLTH_CD_ARO(1.0),13/04/23 11:00:00,A,NR,M,Y_GE85,F01_F03,TOT_IN,EU27_2020,2014,20506,
ESTAT:HLTH_CD_ARO(1.0),13/04/23 11:00:00,A,NR,M,Y_GE85,F01_F03,TOT_IN,EU27_2020,2015,24864,
ESTAT:HLTH_CD_ARO(1.0),13/04/23 11:00:00,A,NR,M,Y_GE85,F01_F03,TOT_IN,EU27_2020,2016,26517,
ESTAT:HLTH_CD_ARO(1.0),13/04/23 11:00:00,A,NR,M,Y_GE85,F01_F03,TOT_IN,EU27_2020,2017,29066,
ESTAT:HLTH_CD_ARO(1.0),13/04/23 11:00:00,A,NR,M,Y_GE85,F01_F03,TOT_IN,EU27_2020,2018,31460,p
ESTAT:HLTH_CD_ARO(1.0),13/04/23 11:00:00,A,NR,M,Y_GE85,F01_F03,TOT_IN,EU27_2020,2019,32176,p
ESTAT:HLTH_CD_ARO(1.0),13/04/23 11:00:00,A,NR,M,Y_GE85,F01_F03,TOT_IN,EU27_2020,2020,31452,
ESTAT:HLTH_CD_ARO(1.0),13/04/23 11:00:00,A,NR,M,Y_GE85,F01_F03,TOT_IN,EU28,2011,20969,
ESTAT:HLTH_CD_ARO(1.0),13/04/23 11:00:00,A,NR,M,Y_GE85,F01_F03,TOT_IN,EU28,2012,24451,
ESTAT:HLTH_CD_ARO(1.0),13/04/23 11:00:00,A,NR,M,Y_GE85,F01_F03,TOT_IN,EU28,2013,27334,
ESTAT:HLTH_CD_ARO(1.0),13/04/23 11:00:00,A,NR,M,Y_GE85,F01_F03,TOT_IN,EU28,2014,29659,
ESTAT:HLTH_CD_ARO(1.0),13/04/23 11:00:00,A,NR,M,Y_GE85,F01_F03,TOT_IN,EU28,2015,35484,
ESTAT:HLTH_CD_ARO(1.0),13/04/23 11:00:00,A,NR,M,Y_GE85,F01_F03,TOT_IN,EU28,2016,37567,
ESTAT:HLTH_CD_ARO(1.0),13/04/23 11:00:00,A,NR,M,Y_GE85,F01_F03,TOT_IN,EU28,2017,40864,
ESTAT:HLTH_CD_ARO(1.0),13/04/23 11:00:00,A,NR,M,Y_GE85,F01_F03,TOT_IN,EU28,2018,43229,p
ESTAT:HLTH_CD_ARO(1.0),13/04/23 11:00:00,A,NR,M,Y_GE85,F01_F03,TOT_IN,FI,2011,287,
ESTAT:HLTH_CD_ARO(1.0),13/04/23 11:00:00,A,NR,M,Y_GE85,F01_F03,TOT_IN,FI,2012,312,
ESTAT:HLTH_CD_ARO(1.0),13/04/23 11:00:00,A,NR,M,Y_GE85,F01_F03,TOT_IN,FI,2013,387,
ESTAT:HLTH_CD_ARO(1.0),13/04/23 11:00:00,A,NR,M,Y_GE85,F01_F03,TOT_IN,FI,2014,348,
ESTAT:HLTH_CD_ARO(1.0),13/04/23 11:00:00,A,NR,M,Y_GE85,F01_F03,TOT_IN,FI,2015,341,
ESTAT:HLTH_CD_ARO(1.0),13/04/23 11:00:00,A,NR,M,Y_GE85,F01_F03,TOT_IN,FI,2016,374,
ESTAT:HLTH_CD_ARO(1.0),13/04/23 11:00:00,A,NR,M,Y_GE85,F01_F03,TOT_IN,FI,2017,392,
ESTAT:HLTH_CD_ARO(1.0),13/04/23 11:00:00,A,NR,M,Y_GE85,F01_F03,TOT_IN,FI,2018,438,
ESTAT:HLTH_CD_ARO(1.0),13/04/23 11:00:00,A,NR,M,Y_GE85,F01_F03,TOT_IN,FI,2019,461,
ESTAT:HLTH_CD_ARO(1.0),13/04/23 11:00:00,A,NR,M,Y_GE85,F01_F03,TOT_IN,FI,2020,445,
ESTAT:HLTH_CD_ARO(1.0),13/04/23 11:00:00,A,NR,M,Y_GE85,F01_F03,TOT_IN,FR,2011,2698,
ESTAT:HLTH_CD_ARO(1.0),13/04/23 11:00:00,A,NR,M,Y_GE85,F01_F03,TOT_IN,FR,2012,3312,
ESTAT:HLTH_CD_ARO(1.0),13/04/23 11:00:00,A,NR,M,Y_GE85,F01_F03,TOT_IN,FR,2013,3493,
ESTAT:HLTH_CD_ARO(1.0),13/04/23 11:00:00,A,NR,M,Y_GE85,F01_F03,TOT_IN,FR,2014,3534,
ESTAT:HLTH_CD_ARO(1.0),13/04/23 11:00:00,A,NR,M,Y_GE85,F01_F03,TOT_IN,FR,2015,4203,
ESTAT:HLTH_CD_ARO(1.0),13/04/23 11:00:00,A,NR,M,Y_GE85,F01_F03,TOT_IN,FR,2016,4429,
ESTAT:HLTH_CD_ARO(1.0),13/04/23 11:00:00,A,NR,M,Y_GE85,F01_F03,TOT_IN,FR,2017,4385,
ESTAT:HLTH_CD_ARO(1.0),13/04/23 11:00:00,A,NR,M,Y_GE85,F01_F03,TOT_IN,FR,2018,4809,p
ESTAT:HLTH_CD_ARO(1.0),13/04/23 11:00:00,A,NR,M,Y_GE85,F01_F03,TOT_IN,FR,2019,4572,p
ESTAT:HLTH_CD_ARO(1.0),13/04/23 11:00:00,A,NR,M,Y_GE85,F01_F03,TOT_IN,FR,2020,4020,
ESTAT:HLTH_CD_ARO(1.0),13/04/23 11:00:00,A,NR,M,Y_GE85,F01_F03,TOT_IN,FX,2011,2679,
ESTAT:HLTH_CD_ARO(1.0),13/04/23 11:00:00,A,NR,M,Y_GE85,F01_F03,TOT_IN,FX,2012,3286,
ESTAT:HLTH_CD_ARO(1.0),13/04/23 11:00:00,A,NR,M,Y_GE85,F01_F03,TOT_IN,FX,2013,3455,
ESTAT:HLTH_CD_ARO(1.0),13/04/23 11:00:00,A,NR,M,Y_GE85,F01_F03,TOT_IN,FX,2014,3494,
ESTAT:HLTH_CD_ARO(1.0),13/04/23 11:00:00,A,NR,M,Y_GE85,F01_F03,TOT_IN,FX,2015,4166,
ESTAT:HLTH_CD_ARO(1.0),13/04/23 11:00:00,A,NR,M,Y_GE85,F01_F03,TOT_IN,FX,2016,4375,
ESTAT:HLTH_CD_ARO(1.0),13/04/23 11:00:00,A,NR,M,Y_GE85,F01_F03,TOT_IN,FX,2017,4338,
ESTAT:HLTH_CD_ARO(1.0),13/04/23 11:00:00,A,NR,M,Y_GE85,F01_F03,TOT_IN,FX,2018,4767,p
ESTAT:HLTH_CD_ARO(1.0),13/04/23 11:00:00,A,NR,M,Y_GE85,F01_F03,TOT_IN,FX,2019,4515,p
ESTAT:HLTH_CD_ARO(1.0),13/04/23 11:00:00,A,NR,M,Y_GE85,F01_F03,TOT_IN,FX,2020,3959,
ESTAT:HLTH_CD_ARO(1.0),13/04/23 11:00:00,A,NR,M,Y_GE85,F01_F03,TOT_IN,HR,2011,38,
ESTAT:HLTH_CD_ARO(1.0),13/04/23 11:00:00,A,NR,M,Y_GE85,F01_F03,TOT_IN,HR,2012,54,
ESTAT:HLTH_CD_ARO(1.0),13/04/23 11:00:00,A,NR,M,Y_GE85,F01_F03,TOT_IN,HR,2013,40,
ESTAT:HLTH_CD_ARO(1.0),13/04/23 11:00:00,A,NR,M,Y_GE85,F01_F03,TOT_IN,HR,2014,49,
ESTAT:HLTH_CD_ARO(1.0),13/04/23 11:00:00,A,NR,M,Y_GE85,F01_F03,TOT_IN,HR,2015,66,
ESTAT:HLTH_CD_ARO(1.0),13/04/23 11:00:00,A,NR,M,Y_GE85,F01_F03,TOT_IN,HR,2016,66,
ESTAT:HLTH_CD_ARO(1.0),13/04/23 11:00:00,A,NR,M,Y_GE85,F01_F03,TOT_IN,HR,2017,102,
ESTAT:HLTH_CD_ARO(1.0),13/04/23 11:00:00,A,NR,M,Y_GE85,F01_F03,TOT_IN,HR,2018,93,
ESTAT:HLTH_CD_ARO(1.0),13/04/23 11:00:00,A,NR,M,Y_GE85,F01_F03,TOT_IN,HR,2019,85,
ESTAT:HLTH_CD_ARO(1.0),13/04/23 11:00:00,A,NR,M,Y_GE85,F01_F03,TOT_IN,HR,2020,78,
ESTAT:HLTH_CD_ARO(1.0),13/04/23 11:00:00,A,NR,M,Y_GE85,F01_F03,TOT_IN,HU,2011,228,
ESTAT:HLTH_CD_ARO(1.0),13/04/23 11:00:00,A,NR,M,Y_GE85,F01_F03,TOT_IN,HU,2012,273,
ESTAT:HLTH_CD_ARO(1.0),13/04/23 11:00:00,A,NR,M,Y_GE85,F01_F03,TOT_IN,HU,2013,317,
ESTAT:HLTH_CD_ARO(1.0),13/04/23 11:00:00,A,NR,M,Y_GE85,F01_F03,TOT_IN,HU,2014,309,
ESTAT:HLTH_CD_ARO(1.0),13/04/23 11:00:00,A,NR,M,Y_GE85,F01_F03,TOT_IN,HU,2015,369,
ESTAT:HLTH_CD_ARO(1.0),13/04/23 11:00:00,A,NR,M,Y_GE85,F01_F03,TOT_IN,HU,2016,360,
ESTAT:HLTH_CD_ARO(1.0),13/04/23 11:00:00,A,NR,M,Y_GE85,F01_F03,TOT_IN,HU,2017,386,
ESTAT:HLTH_CD_ARO(1.0),13/04/23 11:00:00,A,NR,M,Y_GE85,F01_F03,TOT_IN,HU,2018,416,
ESTAT:HLTH_CD_ARO(1.0),13/04/23 11:00:00,A,NR,M,Y_GE85,F01_F03,TOT_IN,HU,2019,483,
ESTAT:HLTH_CD_ARO(1.0),13/04/23 11:00:00,A,NR,M,Y_GE85,F01_F03,TOT_IN,HU,2020,477,
ESTAT:HLTH_CD_ARO(1.0),13/04/23 11:00:00,A,NR,M,Y_GE85,F01_F03,TOT_IN,IE,2011,115,
ESTAT:HLTH_CD_ARO(1.0),13/04/23 11:00:00,A,NR,M,Y_GE85,F01_F03,TOT_IN,IE,2012,187,
ESTAT:HLTH_CD_ARO(1.0),13/04/23 11:00:00,A,NR,M,Y_GE85,F01_F03,TOT_IN,IE,2013,184,
ESTAT:HLTH_CD_ARO(1.0),13/04/23 11:00:00,A,NR,M,Y_GE85,F01_F03,TOT_IN,IE,2014,234,
ESTAT:HLTH_CD_ARO(1.0),13/04/23 11:00:00,A,NR,M,Y_GE85,F01_F03,TOT_IN,IE,2015,274,
ESTAT:HLTH_CD_ARO(1.0),13/04/23 11:00:00,A,NR,M,Y_GE85,F01_F03,TOT_IN,IE,2016,326,
ESTAT:HLTH_CD_ARO(1.0),13/04/23 11:00:00,A,NR,M,Y_GE85,F01_F03,TOT_IN,IE,2017,273,
ESTAT:HLTH_CD_ARO(1.0),13/04/23 11:00:00,A,NR,M,Y_GE85,F01_F03,TOT_IN,IE,2018,419,
ESTAT:HLTH_CD_ARO(1.0),13/04/23 11:00:00,A,NR,M,Y_GE85,F01_F03,TOT_IN,IE,2019,394,
ESTAT:HLTH_CD_ARO(1.0),13/04/23 11:00:00,A,NR,M,Y_GE85,F01_F03,TOT_IN,IE,2020,373,
ESTAT:HLTH_CD_ARO(1.0),13/04/23 11:00:00,A,NR,M,Y_GE85,F01_F03,TOT_IN,IS,2011,13,
ESTAT:HLTH_CD_ARO(1.0),13/04/23 11:00:00,A,NR,M,Y_GE85,F01_F03,TOT_IN,IS,2012,15,
ESTAT:HLTH_CD_ARO(1.0),13/04/23 11:00:00,A,NR,M,Y_GE85,F01_F03,TOT_IN,IS,2013,16,
ESTAT:HLTH_CD_ARO(1.0),13/04/23 11:00:00,A,NR,M,Y_GE85,F01_F03,TOT_IN,IS,2014,21,
ESTAT:HLTH_CD_ARO(1.0),13/04/23 11:00:00,A,NR,M,Y_GE85,F01_F03,TOT_IN,IS,2015,16,
ESTAT:HLTH_CD_ARO(1.0),13/04/23 11:00:00,A,NR,M,Y_GE85,F01_F03,TOT_IN,IS,2016,17,
ESTAT:HLTH_CD_ARO(1.0),13/04/23 11:00:00,A,NR,M,Y_GE85,F01_F03,TOT_IN,IS,2017,18,
ESTAT:HLTH_CD_ARO(1.0),13/04/23 11:00:00,A,NR,M,Y_GE85,F01_F03,TOT_IN,IS,2018,22,
ESTAT:HLTH_CD_ARO(1.0),13/04/23 11:00:00,A,NR,M,Y_GE85,F01_F03,TOT_IN,IS,2019,26,
ESTAT:HLTH_CD_ARO(1.0),13/04/23 11:00:00,A,NR,M,Y_GE85,F01_F03,TOT_IN,IS,2020,23,
ESTAT:HLTH_CD_ARO(1.0),13/04/23 11:00:00,A,NR,M,Y_GE85,F01_F03,TOT_IN,IT,2011,2619,
ESTAT:HLTH_CD_ARO(1.0),13/04/23 11:00:00,A,NR,M,Y_GE85,F01_F03,TOT_IN,IT,2012,2782,
ESTAT:HLTH_CD_ARO(1.0),13/04/23 11:00:00,A,NR,M,Y_GE85,F01_F03,TOT_IN,IT,2013,2845,
ESTAT:HLTH_CD_ARO(1.0),13/04/23 11:00:00,A,NR,M,Y_GE85,F01_F03,TOT_IN,IT,2014,3040,
ESTAT:HLTH_CD_ARO(1.0),13/04/23 11:00:00,A,NR,M,Y_GE85,F01_F03,TOT_IN,IT,2015,3659,
ESTAT:HLTH_CD_ARO(1.0),13/04/23 11:00:00,A,NR,M,Y_GE85,F01_F03,TOT_IN,IT,2016,3922,
ESTAT:HLTH_CD_ARO(1.0),13/04/23 11:00:00,A,NR,M,Y_GE85,F01_F03,TOT_IN,IT,2017,4378,
ESTAT:HLTH_CD_ARO(1.0),13/04/23 11:00:00,A,NR,M,Y_GE85,F01_F03,TOT_IN,IT,2018,4551,
ESTAT:HLTH_CD_ARO(1.0),13/04/23 11:00:00,A,NR,M,Y_GE85,F01_F03,TOT_IN,IT,2019,4800,
ESTAT:HLTH_CD_ARO(1.0),13/04/23 11:00:00,A,NR,M,Y_GE85,F01_F03,TOT_IN,IT,2020,4929,
ESTAT:HLTH_CD_ARO(1.0),13/04/23 11:00:00,A,NR,M,Y_GE85,F01_F03,TOT_IN,LI,2011,0,
ESTAT:HLTH_CD_ARO(1.0),13/04/23 11:00:00,A,NR,M,Y_GE85,F01_F03,TOT_IN,LI,2016,1,
ESTAT:HLTH_CD_ARO(1.0),13/04/23 11:00:00,A,NR,M,Y_GE85,F01_F03,TOT_IN,LI,2017,0,
ESTAT:HLTH_CD_ARO(1.0),13/04/23 11:00:00,A,NR,M,Y_GE85,F01_F03,TOT_IN,LI,2018,0,
ESTAT:HLTH_CD_ARO(1.0),13/04/23 11:00:00,A,NR,M,Y_GE85,F01_F03,TOT_IN,LI,2019,0,
ESTAT:HLTH_CD_ARO(1.0),13/04/23 11:00:00,A,NR,M,Y_GE85,F01_F03,TOT_IN,LI,2020,4,
ESTAT:HLTH_CD_ARO(1.0),13/04/23 11:00:00,A,NR,M,Y_GE85,F01_F03,TOT_IN,LI,2021,2,
ESTAT:HLTH_CD_ARO(1.0),13/04/23 11:00:00,A,NR,M,Y_GE85,F01_F03,TOT_IN,LT,2011,3,
ESTAT:HLTH_CD_ARO(1.0),13/04/23 11:00:00,A,NR,M,Y_GE85,F01_F03,TOT_IN,LT,2012,5,
ESTAT:HLTH_CD_ARO(1.0),13/04/23 11:00:00,A,NR,M,Y_GE85,F01_F03,TOT_IN,LT,2013,5,
ESTAT:HLTH_CD_ARO(1.0),13/04/23 11:00:00,A,NR,M,Y_GE85,F01_F03,TOT_IN,LT,2014,5,
ESTAT:HLTH_CD_ARO(1.0),13/04/23 11:00:00,A,NR,M,Y_GE85,F01_F03,TOT_IN,LT,2015,12,
ESTAT:HLTH_CD_ARO(1.0),13/04/23 11:00:00,A,NR,M,Y_GE85,F01_F03,TOT_IN,LT,2016,13,
ESTAT:HLTH_CD_ARO(1.0),13/04/23 11:00:00,A,NR,M,Y_GE85,F01_F03,TOT_IN,LT,2017,21,
ESTAT:HLTH_CD_ARO(1.0),13/04/23 11:00:00,A,NR,M,Y_GE85,F01_F03,TOT_IN,LT,2018,22,
ESTAT:HLTH_CD_ARO(1.0),13/04/23 11:00:00,A,NR,M,Y_GE85,F01_F03,TOT_IN,LT,2019,26,
ESTAT:HLTH_CD_ARO(1.0),13/04/23 11:00:00,A,NR,M,Y_GE85,F01_F03,TOT_IN,LT,2020,44,
ESTAT:HLTH_CD_ARO(1.0),13/04/23 11:00:00,A,NR,M,Y_GE85,F01_F03,TOT_IN,LT,2021,49,
ESTAT:HLTH_CD_ARO(1.0),13/04/23 11:00:00,A,NR,M,Y_GE85,F01_F03,TOT_IN,LU,2011,10,
ESTAT:HLTH_CD_ARO(1.0),13/04/23 11:00:00,A,NR,M,Y_GE85,F01_F03,TOT_IN,LU,2012,22,
ESTAT:HLTH_CD_ARO(1.0),13/04/23 11:00:00,A,NR,M,Y_GE85,F01_F03,TOT_IN,LU,2013,18,
ESTAT:HLTH_CD_ARO(1.0),13/04/23 11:00:00,A,NR,M,Y_GE85,F01_F03,TOT_IN,LU,2014,34,
ESTAT:HLTH_CD_ARO(1.0),13/04/23 11:00:00,A,NR,M,Y_GE85,F01_F03,TOT_IN,LU,2015,36,
ESTAT:HLTH_CD_ARO(1.0),13/04/23 11:00:00,A,NR,M,Y_GE85,F01_F03,TOT_IN,LU,2016,53,
ESTAT:HLTH_CD_ARO(1.0),13/04/23 11:00:00,A,NR,M,Y_GE85,F01_F03,TOT_IN,LU,2017,43,
ESTAT:HLTH_CD_ARO(1.0),13/04/23 11:00:00,A,NR,M,Y_GE85,F01_F03,TOT_IN,LU,2018,52,
ESTAT:HLTH_CD_ARO(1.0),13/04/23 11:00:00,A,NR,M,Y_GE85,F01_F03,TOT_IN,LU,2019,42,
ESTAT:HLTH_CD_ARO(1.0),13/04/23 11:00:00,A,NR,M,Y_GE85,F01_F03,TOT_IN,LU,2020,43,
ESTAT:HLTH_CD_ARO(1.0),13/04/23 11:00:00,A,NR,M,Y_GE85,F01_F03,TOT_IN,LU,2021,61,
ESTAT:HLTH_CD_ARO(1.0),13/04/23 11:00:00,A,NR,M,Y_GE85,F01_F03,TOT_IN,LV,2011,6,
ESTAT:HLTH_CD_ARO(1.0),13/04/23 11:00:00,A,NR,M,Y_GE85,F01_F03,TOT_IN,LV,2012,8,
ESTAT:HLTH_CD_ARO(1.0),13/04/23 11:00:00,A,NR,M,Y_GE85,F01_F03,TOT_IN,LV,2013,17,
ESTAT:HLTH_CD_ARO(1.0),13/04/23 11:00:00,A,NR,M,Y_GE85,F01_F03,TOT_IN,LV,2014,10,
ESTAT:HLTH_CD_ARO(1.0),13/04/23 11:00:00,A,NR,M,Y_GE85,F01_F03,TOT_IN,LV,2015,10,
ESTAT:HLTH_CD_ARO(1.0),13/04/23 11:00:00,A,NR,M,Y_GE85,F01_F03,TOT_IN,LV,2016,32,
ESTAT:HLTH_CD_ARO(1.0),13/04/23 11:00:00,A,NR,M,Y_GE85,F01_F03,TOT_IN,LV,2017,38,
ESTAT:HLTH_CD_ARO(1.0),13/04/23 11:00:00,A,NR,M,Y_GE85,F01_F03,TOT_IN,LV,2018,51,
ESTAT:HLTH_CD_ARO(1.0),13/04/23 11:00:00,A,NR,M,Y_GE85,F01_F03,TOT_IN,LV,2019,37,
ESTAT:HLTH_CD_ARO(1.0),13/04/23 11:00:00,A,NR,M,Y_GE85,F01_F03,TOT_IN,LV,2020,60,
ESTAT:HLTH_CD_ARO(1.0),13/04/23 11:00:00,A,NR,M,Y_GE85,F01_F03,TOT_IN,LV,2021,54,
ESTAT:HLTH_CD_ARO(1.0),13/04/23 11:00:00,A,NR,M,Y_GE85,F01_F03,TOT_IN,MT,2011,24,
ESTAT:HLTH_CD_ARO(1.0),13/04/23 11:00:00,A,NR,M,Y_GE85,F01_F03,TOT_IN,MT,2012,19,
ESTAT:HLTH_CD_ARO(1.0),13/04/23 11:00:00,A,NR,M,Y_GE85,F01_F03,TOT_IN,MT,2013,13,
ESTAT:HLTH_CD_ARO(1.0),13/04/23 11:00:00,A,NR,M,Y_GE85,F01_F03,TOT_IN,MT,2014,26,
ESTAT:HLTH_CD_ARO(1.0),13/04/23 11:00:00,A,NR,M,Y_GE85,F01_F03,TOT_IN,MT,2015,20,
ESTAT:HLTH_CD_ARO(1.0),13/04/23 11:00:00,A,NR,M,Y_GE85,F01_F03,TOT_IN,MT,2016,33,
ESTAT:HLTH_CD_ARO(1.0),13/04/23 11:00:00,A,NR,M,Y_GE85,F01_F03,TOT_IN,MT,2017,27,
ESTAT:HLTH_CD_ARO(1.0),13/04/23 11:00:00,A,NR,M,Y_GE85,F01_F03,TOT_IN,MT,2018,46,
ESTAT:HLTH_CD_ARO(1.0),13/04/23 11:00:00,A,NR,M,Y_GE85,F01_F03,TOT_IN,MT,2019,37,
ESTAT:HLTH_CD_ARO(1.0),13/04/23 11:00:00,A,NR,M,Y_GE85,F01_F03,TOT_IN,MT,2020,52,
ESTAT:HLTH_CD_ARO(1.0),13/04/23 11:00:00,A,NR,M,Y_GE85,F01_F03,TOT_IN,NL,2011,1029,
ESTAT:HLTH_CD_ARO(1.0),13/04/23 11:00:00,A,NR,M,Y_GE85,F01_F03,TOT_IN,NL,2012,1182,
ESTAT:HLTH_CD_ARO(1.0),13/04/23 11:00:00,A,NR,M,Y_GE85,F01_F03,TOT_IN,NL,2013,1568,
ESTAT:HLTH_CD_ARO(1.0),13/04/23 11:00:00,A,NR,M,Y_GE85,F01_F03,TOT_IN,NL,2014,1629,
ESTAT:HLTH_CD_ARO(1.0),13/04/23 11:00:00,A,NR,M,Y_GE85,F01_F03,TOT_IN,NL,2015,1864,
ESTAT:HLTH_CD_ARO(1.0),13/04/23 11:00:00,A,NR,M,Y_GE85,F01_F03,TOT_IN,NL,2016,1958,
ESTAT:HLTH_CD_ARO(1.0),13/04/23 11:00:00,A,NR,M,Y_GE85,F01_F03,TOT_IN,NL,2017,2180,
ESTAT:HLTH_CD_ARO(1.0),13/04/23 11:00:00,A,NR,M,Y_GE85,F01_F03,TOT_IN,NL,2018,2283,
ESTAT:HLTH_CD_ARO(1.0),13/04/23 11:00:00,A,NR,M,Y_GE85,F01_F03,TOT_IN,NL,2019,2312,
ESTAT:HLTH_CD_ARO(1.0),13/04/23 11:00:00,A,NR,M,Y_GE85,F01_F03,TOT_IN,NL,2020,2093,
ESTAT:HLTH_CD_ARO(1.0),13/04/23 11:00:00,A,NR,M,Y_GE85,F01_F03,TOT_IN,NL,2021,1998,
ESTAT:HLTH_CD_ARO(1.0),13/04/23 11:00:00,A,NR,M,Y_GE85,F01_F03,TOT_IN,NO,2011,307,
ESTAT:HLTH_CD_ARO(1.0),13/04/23 11:00:00,A,NR,M,Y_GE85,F01_F03,TOT_IN,NO,2012,350,
ESTAT:HLTH_CD_ARO(1.0),13/04/23 11:00:00,A,NR,M,Y_GE85,F01_F03,TOT_IN,NO,2013,358,
ESTAT:HLTH_CD_ARO(1.0),13/04/23 11:00:00,A,NR,M,Y_GE85,F01_F03,TOT_IN,NO,2014,437,
ESTAT:HLTH_CD_ARO(1.0),13/04/23 11:00:00,A,NR,M,Y_GE85,F01_F03,TOT_IN,NO,2015,427,
ESTAT:HLTH_CD_ARO(1.0),13/04/23 11:00:00,A,NR,M,Y_GE85,F01_F03,TOT_IN,NO,2016,497,
ESTAT:HLTH_CD_ARO(1.0),13/04/23 11:00:00,A,NR,M,Y_GE85,F01_F03,TOT_IN,NO,2017,554,
ESTAT:HLTH_CD_ARO(1.0),13/04/23 11:00:00,A,NR,M,Y_GE85,F01_F03,TOT_IN,NO,2018,552,
ESTAT:HLTH_CD_ARO(1.0),13/04/23 11:00:00,A,NR,M,Y_GE85,F01_F03,TOT_IN,NO,2019,558,
ESTAT:HLTH_CD_ARO(1.0),13/04/23 11:00:00,A,NR,M,Y_GE85,F01_F03,TOT_IN,NO,2020,570,
ESTAT:HLTH_CD_ARO(1.0),13/04/23 11:00:00,A,NR,M,Y_GE85,F01_F03,TOT_IN,PL,2011,7,
ESTAT:HLTH_CD_ARO(1.0),13/04/23 11:00:00,A,NR,M,Y_GE85,F01_F03,TOT_IN,PL,2012,11,
ESTAT:HLTH_CD_ARO(1.0),13/04/23 11:00:00,A,NR,M,Y_GE85,F01_F03,TOT_IN,PL,2013,20,
ESTAT:HLTH_CD_ARO(1.0),13/04/23 11:00:00,A,NR,M,Y_GE85,F01_F03,TOT_IN,PL,2014,13,
ESTAT:HLTH_CD_ARO(1.0),13/04/23 11:00:00,A,NR,M,Y_GE85,F01_F03,TOT_IN,PL,2015,17,
ESTAT:HLTH_CD_ARO(1.0),13/04/23 11:00:00,A,NR,M,Y_GE85,F01_F03,TOT_IN,PL,2016,78,
ESTAT:HLTH_CD_ARO(1.0),13/04/23 11:00:00,A,NR,M,Y_GE85,F01_F03,TOT_IN,PL,2017,71,
ESTAT:HLTH_CD_ARO(1.0),13/04/23 11:00:00,A,NR,M,Y_GE85,F01_F03,TOT_IN,PL,2018,77,
ESTAT:HLTH_CD_ARO(1.0),13/04/23 11:00:00,A,NR,M,Y_GE85,F01_F03,TOT_IN,PL,2019,56,
ESTAT:HLTH_CD_ARO(1.0),13/04/23 11:00:00,A,NR,M,Y_GE85,F01_F03,TOT_IN,PL,2020,41,
ESTAT:HLTH_CD_ARO(1.0),13/04/23 11:00:00,A,NR,M,Y_GE85,F01_F03,TOT_IN,PL,2021,173,
ESTAT:HLTH_CD_ARO(1.0),13/04/23 11:00:00,A,NR,M,Y_GE85,F01_F03,TOT_IN,PT,2012,1,
ESTAT:HLTH_CD_ARO(1.0),13/04/23 11:00:00,A,NR,M,Y_GE85,F01_F03,TOT_IN,PT,2013,362,
ESTAT:HLTH_CD_ARO(1.0),13/04/23 11:00:00,A,NR,M,Y_GE85,F01_F03,TOT_IN,PT,2014,519,
ESTAT:HLTH_CD_ARO(1.0),13/04/23 11:00:00,A,NR,M,Y_GE85,F01_F03,TOT_IN,PT,2015,637,
ESTAT:HLTH_CD_ARO(1.0),13/04/23 11:00:00,A,NR,M,Y_GE85,F01_F03,TOT_IN,PT,2016,763,
ESTAT:HLTH_CD_ARO(1.0),13/04/23 11:00:00,A,NR,M,Y_GE85,F01_F03,TOT_IN,PT,2017,805,
ESTAT:HLTH_CD_ARO(1.0),13/04/23 11:00:00,A,NR,M,Y_GE85,F01_F03,TOT_IN,PT,2018,986,
ESTAT:HLTH_CD_ARO(1.0),13/04/23 11:00:00,A,NR,M,Y_GE85,F01_F03,TOT_IN,PT,2019,1096,
ESTAT:HLTH_CD_ARO(1.0),13/04/23 11:00:00,A,NR,M,Y_GE85,F01_F03,TOT_IN,PT,2020,1257,
ESTAT:HLTH_CD_ARO(1.0),13/04/23 11:00:00,A,NR,M,Y_GE85,F01_F03,TOT_IN,RO,2017,0,
ESTAT:HLTH_CD_ARO(1.0),13/04/23 11:00:00,A,NR,M,Y_GE85,F01_F03,TOT_IN,RO,2018,0,
ESTAT:HLTH_CD_ARO(1.0),13/04/23 11:00:00,A,NR,M,Y_GE85,F01_F03,TOT_IN,RO,2019,0,
ESTAT:HLTH_CD_ARO(1.0),13/04/23 11:00:00,A,NR,M,Y_GE85,F01_F03,TOT_IN,RO,2020,0,
ESTAT:HLTH_CD_ARO(1.0),13/04/23 11:00:00,A,NR,M,Y_GE85,F01_F03,TOT_IN,RS,2011,47,
ESTAT:HLTH_CD_ARO(1.0),13/04/23 11:00:00,A,NR,M,Y_GE85,F01_F03,TOT_IN,RS,2012,70,
ESTAT:HLTH_CD_ARO(1.0),13/04/23 11:00:00,A,NR,M,Y_GE85,F01_F03,TOT_IN,RS,2013,98,
ESTAT:HLTH_CD_ARO(1.0),13/04/23 11:00:00,A,NR,M,Y_GE85,F01_F03,TOT_IN,RS,2014,79,
ESTAT:HLTH_CD_ARO(1.0),13/04/23 11:00:00,A,NR,M,Y_GE85,F01_F03,TOT_IN,RS,2015,123,
ESTAT:HLTH_CD_ARO(1.0),13/04/23 11:00:00,A,NR,M,Y_GE85,F01_F03,TOT_IN,RS,2016,119,
ESTAT:HLTH_CD_ARO(1.0),13/04/23 11:00:00,A,NR,M,Y_GE85,F01_F03,TOT_IN,RS,2017,152,
ESTAT:HLTH_CD_ARO(1.0),13/04/23 11:00:00,A,NR,M,Y_GE85,F01_F03,TOT_IN,RS,2018,123,
ESTAT:HLTH_CD_ARO(1.0),13/04/23 11:00:00,A,NR,M,Y_GE85,F01_F03,TOT_IN,RS,2019,132,
ESTAT:HLTH_CD_ARO(1.0),13/04/23 11:00:00,A,NR,M,Y_GE85,F01_F03,TOT_IN,RS,2020,132,
ESTAT:HLTH_CD_ARO(1.0),13/04/23 11:00:00,A,NR,M,Y_GE85,F01_F03,TOT_IN,RS,2021,121,
ESTAT:HLTH_CD_ARO(1.0),13/04/23 11:00:00,A,NR,M,Y_GE85,F01_F03,TOT_IN,SE,2011,990,
ESTAT:HLTH_CD_ARO(1.0),13/04/23 11:00:00,A,NR,M,Y_GE85,F01_F03,TOT_IN,SE,2012,1062,
ESTAT:HLTH_CD_ARO(1.0),13/04/23 11:00:00,A,NR,M,Y_GE85,F01_F03,TOT_IN,SE,2013,1103,
ESTAT:HLTH_CD_ARO(1.0),13/04/23 11:00:00,A,NR,M,Y_GE85,F01_F03,TOT_IN,SE,2014,1135,
ESTAT:HLTH_CD_ARO(1.0),13/04/23 11:00:00,A,NR,M,Y_GE85,F01_F03,TOT_IN,SE,2015,1200,
ESTAT:HLTH_CD_ARO(1.0),13/04/23 11:00:00,A,NR,M,Y_GE85,F01_F03,TOT_IN,SE,2016,1281,
ESTAT:HLTH_CD_ARO(1.0),13/04/23 11:00:00,A,NR,M,Y_GE85,F01_F03,TOT_IN,SE,2017,1295,
ESTAT:HLTH_CD_ARO(1.0),13/04/23 11:00:00,A,NR,M,Y_GE85,F01_F03,TOT_IN,SE,2018,1332,
ESTAT:HLTH_CD_ARO(1.0),13/04/23 11:00:00,A,NR,M,Y_GE85,F01_F03,TOT_IN,SE,2019,1284,
ESTAT:HLTH_CD_ARO(1.0),13/04/23 11:00:00,A,NR,M,Y_GE85,F01_F03,TOT_IN,SE,2020,1323,
ESTAT:HLTH_CD_ARO(1.0),13/04/23 11:00:00,A,NR,M,Y_GE85,F01_F03,TOT_IN,SI,2011,0,
ESTAT:HLTH_CD_ARO(1.0),13/04/23 11:00:00,A,NR,M,Y_GE85,F01_F03,TOT_IN,SI,2017,0,
ESTAT:HLTH_CD_ARO(1.0),13/04/23 11:00:00,A,NR,M,Y_GE85,F01_F03,TOT_IN,SI,2018,0,
ESTAT:HLTH_CD_ARO(1.0),13/04/23 11:00:00,A,NR,M,Y_GE85,F01_F03,TOT_IN,SI,2019,0,
ESTAT:HLTH_CD_ARO(1.0),13/04/23 11:00:00,A,NR,M,Y_GE85,F01_F03,TOT_IN,SI,2020,0,
ESTAT:HLTH_CD_ARO(1.0),13/04/23 11:00:00,A,NR,M,Y_GE85,F01_F03,TOT_IN,SK,2011,35,
ESTAT:HLTH_CD_ARO(1.0),13/04/23 11:00:00,A,NR,M,Y_GE85,F01_F03,TOT_IN,SK,2012,108,
ESTAT:HLTH_CD_ARO(1.0),13/04/23 11:00:00,A,NR,M,Y_GE85,F01_F03,TOT_IN,SK,2013,97,
ESTAT:HLTH_CD_ARO(1.0),13/04/23 11:00:00,A,NR,M,Y_GE85,F01_F03,TOT_IN,SK,2014,114,
ESTAT:HLTH_CD_ARO(1.0),13/04/23 11:00:00,A,NR,M,Y_GE85,F01_F03,TOT_IN,SK,2015,76,
ESTAT:HLTH_CD_ARO(1.0),13/04/23 11:00:00,A,NR,M,Y_GE85,F01_F03,TOT_IN,SK,2016,117,
ESTAT:HLTH_CD_ARO(1.0),13/04/23 11:00:00,A,NR,M,Y_GE85,F01_F03,TOT_IN,SK,2017,77,
ESTAT:HLTH_CD_ARO(1.0),13/04/23 11:00:00,A,NR,M,Y_GE85,F01_F03,TOT_IN,SK,2018,92,
ESTAT:HLTH_CD_ARO(1.0),13/04/23 11:00:00,A,NR,M,Y_GE85,F01_F03,TOT_IN,SK,2019,75,
ESTAT:HLTH_CD_ARO(1.0),13/04/23 11:00:00,A,NR,M,Y_GE85,F01_F03,TOT_IN,SK,2020,73,
ESTAT:HLTH_CD_ARO(1.0),13/04/23 11:00:00,A,NR,M,Y_GE85,F01_F03,TOT_IN,TR,2011,9,
ESTAT:HLTH_CD_ARO(1.0),13/04/23 11:00:00,A,NR,M,Y_GE85,F01_F03,TOT_IN,TR,2012,34,
ESTAT:HLTH_CD_ARO(1.0),13/04/23 11:00:00,A,NR,M,Y_GE85,F01_F03,TOT_IN,TR,2013,47,
ESTAT:HLTH_CD_ARO(1.0),13/04/23 11:00:00,A,NR,M,Y_GE85,F01_F03,TOT_IN,TR,2014,40,
ESTAT:HLTH_CD_ARO(1.0),13/04/23 11:00:00,A,NR,M,Y_GE85,F01_F03,TOT_IN,TR,2015,47,
ESTAT:HLTH_CD_ARO(1.0),13/04/23 11:00:00,A,NR,M,Y_GE85,F01_F03,TOT_IN,TR,2016,36,
ESTAT:HLTH_CD_ARO(1.0),13/04/23 11:00:00,A,NR,M,Y_GE85,F01_F03,TOT_IN,TR,2017,38,
ESTAT:HLTH_CD_ARO(1.0),13/04/23 11:00:00,A,NR,M,Y_GE85,F01_F03,TOT_IN,TR,2018,39,
ESTAT:HLTH_CD_ARO(1.0),13/04/23 11:00:00,A,NR,M,Y_GE85,F01_F03,TOT_IN,TR,2019,37,
ESTAT:HLTH_CD_ARO(1.0),13/04/23 11:00:00,A,NR,M,Y_GE85,F01_F03,TOT_IN,UK,2011,6176,
ESTAT:HLTH_CD_ARO(1.0),13/04/23 11:00:00,A,NR,M,Y_GE85,F01_F03,TOT_IN,UK,2012,7353,
ESTAT:HLTH_CD_ARO(1.0),13/04/23 11:00:00,A,NR,M,Y_GE85,F01_F03,TOT_IN,UK,2013,7937,
ESTAT:HLTH_CD_ARO(1.0),13/04/23 11:00:00,A,NR,M,Y_GE85,F01_F03,TOT_IN,UK,2014,9153,
ESTAT:HLTH_CD_ARO(1.0),13/04/23 11:00:00,A,NR,M,Y_GE85,F01_F03,TOT_IN,UK,2015,10620,
ESTAT:HLTH_CD_ARO(1.0),13/04/23 11:00:00,A,NR,M,Y_GE85,F01_F03,TOT_IN,UK,2016,11050,
ESTAT:HLTH_CD_ARO(1.0),13/04/23 11:00:00,A,NR,M,Y_GE85,F01_F03,TOT_IN,UK,2017,11798,
ESTAT:HLTH_CD_ARO(1.0),13/04/23 11:00:00,A,NR,M,Y_GE85,F01_F03,TOT_IN,UK,2018,11769,
